id,test_code,subject,content_domain,difficulty,question_type,review_status,reviewer,source_basis,duplicate_hash,stem_preview
5002-001,5002,Reading and Language Arts,Reading,easy,single-select,human-reviewed,legacy-import,legacy-unknown,b03e96bd18a11c20ea02284b4a7d560b77be5cf55b1a3c37d4d9f223c1b6adac,Which text structure organizes information by listing reasons and supporting details about a single 
5002-002,5002,Reading and Language Arts,Reading,medium,single-select,human-reviewed,legacy-import,legacy-unknown,d3c004caea200562a5bcdb1f7af8426b9659ce8e107b4abe3893133dd01d517b,Read the passage: 'The caterpillar chewed through the leaf with methodical persistence. Each morning
5002-003,5002,Reading and Language Arts,Reading,hard,single-select,human-reviewed,legacy-import,legacy-unknown,b770626d4cbce507af6d2e960de078862f664f03b938498787945580f9a0a276,Students are learning to identify the main idea of a paragraph. Which instructional approach most ef
5002-004,5002,Reading and Language Arts,Reading,easy,single-select,human-reviewed,legacy-import,legacy-unknown,ba7dbd7e22882d6d75b497cbb04f17375677eb13aa2d167af1d40c3f197706c6,What is the primary function of a caption in an informational text?
5002-005,5002,Reading and Language Arts,Reading,medium,single-select,human-reviewed,legacy-import,legacy-unknown,865ae887cff27c1a0f92ac5edc14f7121020d0ead2759f3537626e3ef9960577,"In the sentence 'The ancient library, a treasure trove of scrolls, stood at the city center,' what i"
5002-006,5002,Reading and Language Arts,Reading,hard,single-select,human-reviewed,legacy-import,legacy-unknown,6dcc1f4fd20a71fd3fa7d99f5c8a9b5e6f421428ef22a730127bfba75d3ab0e9,"An author writes: 'The policy, though well-intentioned, produced outcomes opposite to those intended"
5002-007,5002,Reading and Language Arts,Reading,medium,single-select,human-reviewed,legacy-import,legacy-unknown,17d4e561c134f2fcef595939e73e6d9d78632294aae85bbf9602048ad7fcfffd,A fourth-grade student can decode words accurately but reads without expression and has difficulty r
5002-008,5002,Reading and Language Arts,Reading,easy,single-select,human-reviewed,legacy-import,legacy-unknown,3c3a6b3a72fa744c9ad515e6a59ea59ddc46f39b8b57854510fe830dc7c56d3b,Which punctuation mark correctly joins two independent clauses without a conjunction?
5002-009,5002,Reading and Language Arts,Reading,medium,single-select,human-reviewed,legacy-import,legacy-unknown,694c0fa91eee8b58e2cb0ca5c236ae623bf091a762dadc813e7ded3e8351cfc9,A passage describes how indigenous communities managed forest fires through controlled burning. The 
5002-010,5002,Reading and Language Arts,Reading,hard,single-select,human-reviewed,legacy-import,legacy-unknown,67b0469b52e1db8b1dc61e3f938f9d1830ee9ec49fcb82ea62312417a122cfa1,"In the sentence 'Had the committee acted sooner, the project might have succeeded,' what is the impl"
5002-011,5002,Reading and Language Arts,Reading,medium,single-select,human-reviewed,legacy-import,legacy-unknown,2bd730fb10211b1a25f6c1700ac4d1a54769123da0799dcdb36349361a5240f5,Which strategy best helps emergent bilingual students access grade-level informational text?
5002-012,5002,Reading and Language Arts,Reading,easy,single-select,human-reviewed,legacy-import,legacy-unknown,5f78d045fc003a03a167b2e861853dc326d02590fbd6bdeaed2de4b343f12135,What is the difference between fact and opinion in informational writing?
5002-013,5002,Reading and Language Arts,Reading,medium,single-select,human-reviewed,legacy-import,legacy-unknown,e02a4e8cef7dfa4027633a4a0a2cdad9977ebee20a11868c934207ab0a48a62b,Which transition word best shows contrast between two ideas?
5002-014,5002,Reading and Language Arts,Reading,hard,single-select,human-reviewed,legacy-import,legacy-unknown,db3fdbb42d788c69d8443cce99d3740bdfbfe8b56b315e44c1e912a8e4dd6390,"After a class discussion of a complex poem, a student says 'I just don't get it.' Which teacher resp"
5002-015,5002,Reading and Language Arts,Reading,medium,single-select,human-reviewed,legacy-import,legacy-unknown,64451765329d06e1082524b7fab974993dc7aeaa44a147db6a8a7f9247eb2642,A teacher displays the word 'unhappiness' on the board and asks students to identify its parts. Whic
5002-016,5002,Reading and Language Arts,"Writing, Speaking, and Listening",easy,single-select,human-reviewed,legacy-import,legacy-unknown,7c79f39afef9df41458c03e13935603737bfa137c807876682719d22fa5ef1ec,"Which sentence uses the correct form of 'there,' 'their,' or 'they're'?"
5002-017,5002,Reading and Language Arts,"Writing, Speaking, and Listening",medium,single-select,human-reviewed,legacy-import,legacy-unknown,72d6646498e7661f86e2b82e21f5dcceede86df904aea6174d45a94df1511c51,Which revision best corrects the run-on sentence 'The experiment failed the students tried again'?
5002-018,5002,Reading and Language Arts,"Writing, Speaking, and Listening",hard,single-select,human-reviewed,legacy-import,legacy-unknown,87b4ee2d5cae5792ad443e6587c6d3006fc861c86d668000ddba03c5ba78cab4,A sixth-grade student writes: 'The civil war was when many things happened.' Which feedback approach
5002-019,5002,Reading and Language Arts,"Writing, Speaking, and Listening",medium,single-select,human-reviewed,legacy-import,legacy-unknown,cea40556eabb3b394a3b272f79c7282a857545191f1dd4b94b0b046cf47fb14d,Which statement best distinguishes between form and function in grammar?
5002-020,5002,Reading and Language Arts,"Writing, Speaking, and Listening",easy,single-select,human-reviewed,legacy-import,legacy-unknown,24f07f552841de6eaefbf6f80f85c4fa78651970f7d6e4c9f5c7893e08723cd6,What is the purpose of an outline before writing an essay?
5002-021,5002,Reading and Language Arts,"Writing, Speaking, and Listening",medium,single-select,human-reviewed,legacy-import,legacy-unknown,19a3e6ab0e62ae6c38ce1125150781e0730df8058a86be2b65f353aea68fac66,"During a peer review activity, students struggle to give constructive feedback. Which scaffold best "
5002-022,5002,Reading and Language Arts,"Writing, Speaking, and Listening",hard,single-select,human-reviewed,legacy-import,legacy-unknown,f181785d41613bac859cf83597a1a7e0a03492ea15564f59180fa154e79251b9,"A student writes: 'Although the data seemed accurate, upon further review several discrepancies were"
5002-023,5002,Reading and Language Arts,"Writing, Speaking, and Listening",medium,single-select,human-reviewed,legacy-import,legacy-unknown,2b86057329122b593ebe7ef7d74ad9d6da7514885ae2b3fc4dbb4a5a33876956,Which element is essential to a well-structured paragraph?
5002-024,5002,Reading and Language Arts,"Writing, Speaking, and Listening",easy,single-select,human-reviewed,legacy-import,legacy-unknown,d9861f90eba0a9f388fd48eeccc613b37b536a61c5a3f657e0ed5f7455f68fc4,What is the primary difference between a run-on sentence and a comma splice?
5002-025,5002,Reading and Language Arts,"Writing, Speaking, and Listening",hard,single-select,human-reviewed,legacy-import,legacy-unknown,18c2a9c7c59f499410b7d4f95e2cdce26127f7a5e21d50c6735639d145b6a02a,"A multilingual learner submits an essay with frequent article errors (missing 'a,' 'an,' 'the'). Whi"
5002-026,5002,Reading and Language Arts,"Writing, Speaking, and Listening",medium,single-select,human-reviewed,legacy-import,legacy-unknown,72b9cf2ee91adf6888defc4ee98bc8da5cbb0e983713e2cbdd1255b83c94d02f,Which sentence demonstrates correct subject-verb agreement with a collective noun?
5002-027,5002,Reading and Language Arts,"Writing, Speaking, and Listening",easy,single-select,human-reviewed,legacy-import,legacy-unknown,e4f5ac87763c4c14f563eeca931ebd1ca2b4acc6056d7542dfe756fa40c0d90e,What is the function of an introductory paragraph in an essay?
5002-028,5002,Reading and Language Arts,"Writing, Speaking, and Listening",medium,single-select,human-reviewed,legacy-import,legacy-unknown,2956002bba6f3e8367607773baf8f7707c8bd8d264bde66749cfa3eadc0a4397,Students are learning to write effective conclusions. Which example best models a strong concluding 
5002-029,5002,Reading and Language Arts,"Writing, Speaking, and Listening",hard,single-select,human-reviewed,legacy-import,legacy-unknown,edc9ab05db7028cf3ce77ead1c26789352f8b621ef7f6760042c83d91f9a616b,Which revision best improves the parallel structure in the sentence: 'The coach told the players to 
5002-030,5002,Reading and Language Arts,"Writing, Speaking, and Listening",medium,single-select,human-reviewed,legacy-import,legacy-unknown,b8caa59ab006a94a1b0957aa010063934d1de1774809d8f0f918c3be1c053cf4,What is the purpose of transitional words and phrases in writing?
5003-001,5003,Mathematics,Numbers and Operations,easy,single-select,human-reviewed,legacy-import,legacy-unknown,81e79250aab16cf5e0f3867f867eff793e1cfe097ea2ad930d936f4059bee66c,What is the least common multiple of 6 and 8?
5003-002,5003,Mathematics,Numbers and Operations,medium,single-select,human-reviewed,legacy-import,legacy-unknown,1f4778d8db5e4eaf7e1fe2dfbfa89fe4ec34d5483bb8824f0abb5da37346a4cf,A student explains that 0.5 is greater than 0.35 because 5 is greater than 35. Which representation 
5003-003,5003,Mathematics,Numbers and Operations,hard,single-select,human-reviewed,legacy-import,legacy-unknown,27dae43ea84b488846203ff022f6a0abc03b1778fd2424846a227bbadb6d5ac4,Which assessment question best determines whether a student understands place value in decimals?
5003-004,5003,Mathematics,Numbers and Operations,medium,single-select,human-reviewed,legacy-import,legacy-unknown,c511773ae75307f742527231aac757d181b9844a10535708a41806672190ed09,Which number is equivalent to 3/4?
5003-005,5003,Mathematics,Numbers and Operations,easy,single-select,human-reviewed,legacy-import,legacy-unknown,c5fc2c14872bf6bb9fd2b2e9975de836494a1e76618d7f2dd0e3ff70b580446b,What is the greatest common factor of 12 and 18?
5003-006,5003,Mathematics,Numbers and Operations,hard,single-select,human-reviewed,legacy-import,legacy-unknown,f7b20de6bd881a9593aa34e074793204583542c7f2ab51a69e12e60afb121bd4,Why is 2/3 greater than 3/5 even though 3 > 2 and 5 > 3?
5003-007,5003,Mathematics,Numbers and Operations,medium,single-select,human-reviewed,legacy-import,legacy-unknown,38efb0a8f89f7864440bfc83fa70f9af945626acf79b23798a94f71f06b1b2ed,A student adds 1/4 + 1/3 and gets 2/7. Which correction strategy addresses the misconception most di
5003-008,5003,Mathematics,Numbers and Operations,easy,single-select,human-reviewed,legacy-import,legacy-unknown,f9a206af21bba03997831e0127cc3d25bbf25c6f26f4531006a4ef627c3bd4b2,Which of the following is a prime number?
5003-009,5003,Mathematics,Numbers and Operations,medium,single-select,human-reviewed,legacy-import,legacy-unknown,95e978d3bab118f58785b410bc1790ea186c21be0a65125834784024b58202f9,What is 15% of 240?
5003-010,5003,Mathematics,Numbers and Operations,hard,single-select,human-reviewed,legacy-import,legacy-unknown,f5ed3d1a868aaee7b4422bc2dd32bb4eb7711b9b0b2b87ce946ddb156df8b456,Which statement about the relationship between multiplication and division is ALWAYS true?
5003-011,5003,Mathematics,Algebraic Thinking,easy,single-select,human-reviewed,legacy-import,legacy-unknown,5af606e55263c3e3d641c6cbb9ccc0379b833614a75e55bc14d3ded3b3ce5667,Which expression is equivalent to 3 × (4 + 5)?
5003-012,5003,Mathematics,Algebraic Thinking,medium,single-select,human-reviewed,legacy-import,legacy-unknown,bc6e3af29895b6952af59be953b5737e767f49985d3f5bfb44d71e996b5bb5a6,"A pattern begins: 2, 5, 8, 11, 14... Which rule describes the nth term?"
5003-013,5003,Mathematics,Algebraic Thinking,hard,single-select,human-reviewed,legacy-import,legacy-unknown,809fc508f049fd957b2f561e74000350b3de176aa8859919f4789369e474b3aa,Students are learning to write equations from word problems. Which scaffold most effectively support
5003-014,5003,Mathematics,Algebraic Thinking,medium,single-select,human-reviewed,legacy-import,legacy-unknown,0b220bbf22036bbd0c05ba9d37532b23b7effaa07fd6cac5c444d7cfc20b6d21,"If x + 7 = 15, what is the value of x?"
5003-015,5003,Mathematics,Algebraic Thinking,easy,single-select,human-reviewed,legacy-import,legacy-unknown,9cc666829873af971723eaf52732066fed0db1867434597cbaae95f9ad22bf0e,Which value of x makes the equation 4x = 20 true?
5003-016,5003,Mathematics,Algebraic Thinking,hard,single-select,human-reviewed,legacy-import,legacy-unknown,f1d3b0d488a5f992f41ac34104a72e7e5c00a149b4e9e4e2bf1440c46137d353,Which statement best explains why 0.5x and x/2 are equivalent expressions?
5003-017,5003,Mathematics,Algebraic Thinking,medium,single-select,human-reviewed,legacy-import,legacy-unknown,74b3b444be67831ac382a423c680e93f9c08f640652d6007ddf26f463a08e5a1,A student writes '5 + n = 12' to represent 'five more than a number is twelve.' Which response best 
5003-018,5003,Mathematics,Algebraic Thinking,medium,single-select,human-reviewed,legacy-import,legacy-unknown,f58873a932d62cecf1d826bb77edb0cf44ee0ec2d8c1b29dd7f29c025a1094d3,Which number line shows the solution to x - 3 < 5?
5003-019,5003,Mathematics,Algebraic Thinking,hard,single-select,human-reviewed,legacy-import,legacy-unknown,dda08463cc6b23c8ec6bacb583302e880b0396b727dc17ee1ab040890aeae5bd,Two patterns are generated: Pattern A starts at 2 and adds 3 each time. Pattern B starts at 2 and ad
5003-020,5003,Mathematics,Algebraic Thinking,medium,single-select,human-reviewed,legacy-import,legacy-unknown,041e4b75f54e01a2beff788f9ebc0ad14d62f44aeedb4e48943ef106688973c0,What is the value of the expression 2x + 3 when x = 4?
5003-021,5003,Mathematics,"Geometry and Measurement, Data, Statistics, and Probability",easy,single-select,human-reviewed,legacy-import,legacy-unknown,c6b8c83d26922da2e0469991db5034099679cc594b0151473bece1a44249c708,What is the area of a rectangle with length 8 cm and width 5 cm?
5003-022,5003,Mathematics,"Geometry and Measurement, Data, Statistics, and Probability",medium,single-select,human-reviewed,legacy-import,legacy-unknown,e25fa5a1b386ad9cd103d7ac482174a7b01b38122853e04e25e603dfcee7b819,Which statement about triangles is ALWAYS true?
5003-023,5003,Mathematics,"Geometry and Measurement, Data, Statistics, and Probability",hard,single-select,human-reviewed,legacy-import,legacy-unknown,088616fdca38d417de546577f98ea29d67d12518de42a7a4514035a831b21835,Students confuse perimeter and area. Which activity best helps them distinguish the two concepts?
5003-024,5003,Mathematics,"Geometry and Measurement, Data, Statistics, and Probability",medium,single-select,human-reviewed,legacy-import,legacy-unknown,6df89c6afae5fb169a516919a74dee0a48e0837a46c9225817d536239c043a62,"What is the mean of the data set: 4, 7, 7, 9, 13?"
5003-025,5003,Mathematics,"Geometry and Measurement, Data, Statistics, and Probability",easy,single-select,human-reviewed,legacy-import,legacy-unknown,1f46d4c4da56c49a109fe2dfb71192c4103648498e21dbbd634d4a9a37a8d97a,Which angle measure represents a right angle?
5003-026,5003,Mathematics,"Geometry and Measurement, Data, Statistics, and Probability",hard,single-select,human-reviewed,legacy-import,legacy-unknown,8e868d02d5b77e27231fb8637c6468ef2b97564f01184ee597add47ae8671192,"A rectangle has length 12 cm and width 5 cm. If both dimensions are doubled, what happens to the are"
5003-027,5003,Mathematics,"Geometry and Measurement, Data, Statistics, and Probability",medium,single-select,human-reviewed,legacy-import,legacy-unknown,1801c868a4bf3ed1695cadbb272e49445fb0d6e1b53cb5ef1354f74194a3dceb,A student measures a table's area as 24 square feet but its perimeter as 20 feet. The teacher wants 
5003-028,5003,Mathematics,"Geometry and Measurement, Data, Statistics, and Probability",easy,single-select,human-reviewed,legacy-import,legacy-unknown,f51bcb8d6731685bc18dc67b9dcd71bd9a81bf77a5d170a1e53d06aab911a46a,Which shape has exactly four sides of equal length and four right angles?
5003-029,5003,Mathematics,"Geometry and Measurement, Data, Statistics, and Probability",medium,single-select,human-reviewed,legacy-import,legacy-unknown,ea1672951b9f504f090a78bd79e67f4b1c43899c74cc8b8815c829b65e1c1c08,What is the probability of rolling an even number on a standard six-sided die?
5003-030,5003,Mathematics,"Geometry and Measurement, Data, Statistics, and Probability",hard,single-select,human-reviewed,legacy-import,legacy-unknown,a23331d6d95d80801751209a757803f966545a307c91842a22ff4ae5eec74026,Which statement about the median of a data set is TRUE?
5004-001,5004,Social Studies,"United States History, Government, and Citizenship",easy,single-select,human-reviewed,legacy-import,legacy-unknown,6ee1a8464d337c40605401bf1808e7526f8cf84487358bec122f59ee100c8960,How many amendments are in the Bill of Rights?
5004-002,5004,Social Studies,"United States History, Government, and Citizenship",medium,single-select,human-reviewed,legacy-import,legacy-unknown,9df2b4f4a39f05b5acb3763693485ef359b0a57bd596b707dfd25c8b97c3dffc,Which branch of the federal government has the power to declare war?
5004-003,5004,Social Studies,"United States History, Government, and Citizenship",hard,single-select,human-reviewed,legacy-import,legacy-unknown,86b8ddac1aa83bff7e6386af0a0086c49c706455be093584065f8a7f605e2bf9,The Tenth Amendment states that powers not delegated to the federal government are reserved to the s
5004-004,5004,Social Studies,"United States History, Government, and Citizenship",medium,single-select,human-reviewed,legacy-import,legacy-unknown,96b273f9a74cc4d3d7cbb54dfe16c8256832dc8952857f7a9d685190e1315fbc,Which instructional strategy best helps students understand the purpose of checks and balances?
5004-005,5004,Social Studies,"United States History, Government, and Citizenship",easy,single-select,human-reviewed,legacy-import,legacy-unknown,c93a0aa1f0644633dae362e30dcb59936097ff9ad6f436f9521e7d393a09a546,Who was the first President of the United States?
5004-006,5004,Social Studies,"United States History, Government, and Citizenship",medium,single-select,human-reviewed,legacy-import,legacy-unknown,79ee736a6e378cebf8964c13c5e4ddd60e804fed5b61c687bad441e063b5f058,The Civil War fundamentally changed the relationship between states and the federal government becau
5004-007,5004,Social Studies,"United States History, Government, and Citizenship",hard,single-select,human-reviewed,legacy-import,legacy-unknown,7f42137fc30cd73b7869461fc7a5f1cd38da1065e2d6596bed30f55c13203297,Students struggle to understand why the Constitution includes theelastic clause. Which explanation i
5004-008,5004,Social Studies,"United States History, Government, and Citizenship",medium,single-select,human-reviewed,legacy-import,legacy-unknown,eae28477c9984a0220ac014d5cd988b486b2807e47cd66dc123bf59367b5f1c8,What is the minimum age requirement to become President of the United States?
5004-009,5004,Social Studies,"United States History, Government, and Citizenship",easy,single-select,human-reviewed,legacy-import,legacy-unknown,5ecfce5768d9f42efd897e652fc30937b966c79af5a1eea2a80915fa82e39f04,Which amendment granted women the right to vote?
5004-010,5004,Social Studies,"United States History, Government, and Citizenship",hard,single-select,human-reviewed,legacy-import,legacy-unknown,ec0223569eade1ae265a16ee15de9cd7fa35a1daab233cbb1b9151a20c0c04f6,Marbury v. Madison (1803) established which important principle?
5004-011,5004,Social Studies,"United States History, Government, and Citizenship",medium,single-select,human-reviewed,legacy-import,legacy-unknown,85a2e27d31955921987a258d1a55c40c6b1cc41e6e3bb388af7996165da12bc5,A student asks why the Founding Fathers created a republic instead of a direct democracy. Which resp
5004-012,5004,Social Studies,"United States History, Government, and Citizenship",medium,single-select,human-reviewed,legacy-import,legacy-unknown,f11603b1aa7014fa44b490a3131a8fc90757c85f742cb8b5bd75d68a6e80b122,How many justices serve on the Supreme Court?
5004-013,5004,Social Studies,"Geography, Anthropology, and Sociology",easy,single-select,human-reviewed,legacy-import,legacy-unknown,bf498ad4517483d5b334f1c8ffae4d8cd16445d3ca44988d275be4715ed1ecd0,How many inhabited continents are commonly recognized in the seven-continent model?
5004-014,5004,Social Studies,"Geography, Anthropology, and Sociology",medium,single-select,human-reviewed,legacy-import,legacy-unknown,0fb6061ec2de2f4bb2d0078afa9830a8e00b68dd6a7111b7fb8f30010d25f89d,Which geographic feature most strongly influenced where early civilizations developed?
5004-015,5004,Social Studies,"Geography, Anthropology, and Sociology",hard,single-select,human-reviewed,legacy-import,legacy-unknown,3f2786036abaae8d46848289d634d3379c042f53491c5d20f54c915e2889518a,The concept of 'cultural diffusion' best describes which phenomenon?
5004-016,5004,Social Studies,"Geography, Anthropology, and Sociology",medium,single-select,human-reviewed,legacy-import,legacy-unknown,37359e9bb86954b23487985d3c8f2f9b1be3d443fb34a278eb2f319f8867ea7e,Which activity best helps students understand the concept of 'human-environment interaction'?
5004-017,5004,Social Studies,"Geography, Anthropology, and Sociology",easy,single-select,human-reviewed,legacy-import,legacy-unknown,c649bc889ee01138c779c1f3190bd0288fd1e3880bf907f339c0ffa89da06484,What is the imaginary line at 0° latitude?
5004-018,5004,Social Studies,"Geography, Anthropology, and Sociology",medium,single-select,human-reviewed,legacy-import,legacy-unknown,2d161781d8af66dbbd529e51f88a3cce2c9025846713d7844ad730727d92dd4f,Which ocean is the largest?
5004-019,5004,Social Studies,"Geography, Anthropology, and Sociology",hard,single-select,human-reviewed,legacy-import,legacy-unknown,258366952f9fa67956c1dcba8cd6d8de1cec5e839ca66d2de89379e4aa470342,"A sociologist compares how unemployment, housing policy, and policing patterns affect crime rates ac"
5004-020,5004,Social Studies,"Geography, Anthropology, and Sociology",medium,single-select,human-reviewed,legacy-import,legacy-unknown,04f8d685135af1039c98555442cb9334ac05a57446369e656b474613710afbd0,Students are learning about cultural traditions. Which approach best avoids cultural stereotyping?
5004-021,5004,Social Studies,"Geography, Anthropology, and Sociology",easy,single-select,human-reviewed,legacy-import,legacy-unknown,b39b7951e2658f7447ee717e1b29ff2ef62b8c5ede96548e92a5e58cc111036e,Which country has the largest population in the world?
5004-022,5004,Social Studies,"Geography, Anthropology, and Sociology",hard,single-select,human-reviewed,legacy-import,legacy-unknown,6c612d44bcd0648521415ef5252471f925f0144e59e1a3bf219863aec33755c2,The term 'globalization' in social studies best refers to:
5004-023,5004,Social Studies,World History and Economics,easy,single-select,human-reviewed,legacy-import,legacy-unknown,330d07a87d75b6ca36156e11d757f8c95d893dd36443582a2814dbf63fb6332b,Which ancient civilization built the pyramids at Giza?
5004-024,5004,Social Studies,World History and Economics,medium,single-select,human-reviewed,legacy-import,legacy-unknown,be417bbf251f07fed07582ed1db4df5be0016105df081fb9755b1718cb1b54c0,What is the basic economic question that every society must answer?
5004-025,5004,Social Studies,World History and Economics,hard,single-select,human-reviewed,legacy-import,legacy-unknown,9fb02536499f7b53120b4103ffc1bee48acee8f986a78f0f85618803b465cddc,The Industrial Revolution's most significant impact on society was:
5004-026,5004,Social Studies,World History and Economics,medium,single-select,human-reviewed,legacy-import,legacy-unknown,875e071de1d96c73269448b00a9eecc35a764c338040de848f81f131258e04b7,Which strategy best helps students understand the concept of 'supply and demand'?
5004-027,5004,Social Studies,World History and Economics,easy,single-select,human-reviewed,legacy-import,legacy-unknown,81857851037bc693eec88720aace825654ea6b46a7ee7ee2a304561c21e9f8df,Which event marked the beginning of World War I?
5004-028,5004,Social Studies,World History and Economics,medium,single-select,human-reviewed,legacy-import,legacy-unknown,a743e826721e6a517e096b70e77ee7d3099ffbd82f3ddfcb833b8f9677a9a329,What type of economy is characterized by government ownership of major industries?
5004-029,5004,Social Studies,World History and Economics,hard,single-select,human-reviewed,legacy-import,legacy-unknown,84dd218218533e4fd7d84481d95372236fccc995daedb484eee53dc25ecc0f7e,The Enlightenment's greatest contribution to modern democracy was the idea that:
5004-030,5004,Social Studies,World History and Economics,medium,single-select,human-reviewed,legacy-import,legacy-unknown,30c87123548f29ec9464a4fc65ad666a3cf1f0a212ff313b89d58836c8d9bf16,A student confuses the Renaissance with the Reformation. Which comparison most clearly distinguishes
5004-031,5004,Social Studies,"Geography, Anthropology, and Sociology",easy,single-select,human-reviewed,legacy-import,legacy-unknown,6c324cf6773e34d2b3fe442ad7a2d5b846e86a4b232bcf5e6afd681978836bb0,Which ocean borders the east coast of Africa?
5004-032,5004,Social Studies,World History and Economics,hard,single-select,human-reviewed,legacy-import,legacy-unknown,9f8a738fda9b70ff15a929004571fb1fb68d3178e3643dccab88ac3bb774bff1,The Columbian Exchange is best described as:
5005-001,5005,Science,Earth Science,easy,single-select,human-reviewed,legacy-import,legacy-unknown,427aba55a26907d6f8f8cb0d39d3d219ee0e79193eafd9949f91afd8b385c2d5,What are the three main types of rocks?
5005-002,5005,Science,Earth Science,medium,single-select,human-reviewed,legacy-import,legacy-unknown,a755e4e60110f760b2f60666a31f59fb945e22e17ee87ebefab0fabb166b94a6,Which process is primarily responsible for creating fossil fuels?
5005-003,5005,Science,Earth Science,hard,single-select,human-reviewed,legacy-import,legacy-unknown,5fabd89acb83dc121a735d95050eaaae6c5759f1a972bccc00fc4ab55129d855,Students believe that seasons are caused by Earth's distance from the Sun. Which demonstration best 
5005-004,5005,Science,Earth Science,medium,single-select,human-reviewed,legacy-import,legacy-unknown,643f569714de56cdeee8142967f7d36fb70a415b359e6531cc5b091856274762,What causes earthquakes?
5005-005,5005,Science,Earth Science,easy,single-select,human-reviewed,legacy-import,legacy-unknown,5c5eb4bf49611b766ac3f243239da86f10c5ac51269d63e7b1e07b6ec1a610a0,Which layer of the Earth is the hottest?
5005-006,5005,Science,Earth Science,medium,single-select,human-reviewed,legacy-import,legacy-unknown,a16e2377dcf5f22d15d0b1d7b995bec071acddb0cbf06424fb5e0a07a33aee45,How does the water cycle move water through the environment?
5005-007,5005,Science,Earth Science,hard,single-select,human-reviewed,legacy-import,legacy-unknown,721b71aecb220d35f5970e1dc5bdbc034286fbd405ac49c9a7dedd81f955edea,A rock layer contains fossils of tropical plants but is now in an arid desert. What does this most l
5005-008,5005,Science,Earth Science,medium,single-select,human-reviewed,legacy-import,legacy-unknown,c0d871602f63542b81e0daf23aa0e626e87ea42bac1d419be0af061657818883,Which hands-on activity best helps students understand soil composition?
5005-009,5005,Science,Earth Science,easy,single-select,human-reviewed,legacy-import,legacy-unknown,56bb59359e711c5cc11c4d0c358bac69166be48f020f3050f4e66b928c72127f,What is the Mohs hardness scale used for?
5005-010,5005,Science,Earth Science,hard,single-select,human-reviewed,legacy-import,legacy-unknown,841be5e33da86df30c377544ac5c19ffa96df5ace8e763e6675e7ace626526c4,Which statement about the rock cycle is true?
5005-011,5005,Science,Life Science,easy,single-select,human-reviewed,legacy-import,legacy-unknown,edea730c7276b7e53e08bd6cf1c2dda1b8eed4012fc7df95e5f93f69bdbca006,What is the basic unit of structure and function in living organisms?
5005-012,5005,Science,Life Science,medium,single-select,human-reviewed,legacy-import,legacy-unknown,929d56a346ad911c233abd3ff3475c954db1dc4dd89a34c02d095754a88a1411,Which organelle is responsible for producing energy in the cell?
5005-013,5005,Science,Life Science,hard,single-select,human-reviewed,legacy-import,legacy-unknown,860f3c0d4258c539f7878131eaf42d4eba399cbbc501fcbeb4f52a62ab4ee1b1,A student observes that a plant grows toward a window. This is an example of:
5005-014,5005,Science,Life Science,medium,single-select,human-reviewed,legacy-import,legacy-unknown,718795c51742cc78f8c396ac3dcb42f40a51b816f0bbc9a5ccf4e1643d40eda8,"Which model best represents the relationship between producers, consumers, and decomposers in an eco"
5005-015,5005,Science,Life Science,easy,single-select,human-reviewed,legacy-import,legacy-unknown,337e9bcdbd5813ec69ca212a436f3538a60f47cbb26a0cd85eb5d7f9dd1bfed8,What process do plants use to make their own food?
5005-016,5005,Science,Life Science,medium,single-select,human-reviewed,legacy-import,legacy-unknown,d31dba417523c57a67c5575de780acb2704797440943f298a6fc0b57a26c98f9,Why are decomposers essential to ecosystems?
5005-017,5005,Science,Life Science,hard,single-select,human-reviewed,legacy-import,legacy-unknown,a27e3e6a7e62e17d7fe86fb9bccb9359225bf3d128b3ec41519cdc28a1819c3d,Students think that all bacteria are harmful. Which teaching approach best corrects this misconcepti
5005-018,5005,Science,Life Science,medium,single-select,human-reviewed,legacy-import,legacy-unknown,952b3f3b54acdd730252d93e17851606c6de9cb53d0af3a0489089af81ee355e,Which structure is found in plant cells but NOT in animal cells?
5005-019,5005,Science,Life Science,easy,single-select,human-reviewed,legacy-import,legacy-unknown,7e1b0b5e2f069284ec5820474b24905c83a57d8e72846b39c5639214ccfc2aa1,What is the function of the root system in a plant?
5005-020,5005,Science,Life Science,hard,single-select,human-reviewed,legacy-import,legacy-unknown,4f90bc6521ba8cab6ab7318b41327145f2c128f8e5f2f776672b536ef90bd00b,A population of beetles has both green and brown individuals. Birds eat more green beetles on brown 
5005-021,5005,Science,Physical Science,easy,single-select,human-reviewed,legacy-import,legacy-unknown,6774ba782f2874e4a8db83c940e32169377bc4dea9eb4132bf5e6bca4b1f0d7f,What is the formula for speed?
5005-022,5005,Science,Physical Science,medium,single-select,human-reviewed,legacy-import,legacy-unknown,5184c827f076375d47771a4bb8ee013f1de135b3a9fd737dc3fe2eee183fbb23,"When ice melts into water, what happens to the energy and arrangement of molecules?"
5005-023,5005,Science,Physical Science,hard,single-select,human-reviewed,legacy-import,legacy-unknown,1f313a255ac42e5c68e558b736ff679c899fe048e559dc3d4f359a9f908a86ec,Students believe that heavier objects fall faster than lighter objects. Which demonstration best cha
5005-024,5005,Science,Physical Science,medium,single-select,human-reviewed,legacy-import,legacy-unknown,c11758b9107230fed5bdc2f406be589071a6a8961e1157e16a6a8920a772092b,What is the chemical formula for water?
5005-025,5005,Science,Physical Science,easy,single-select,human-reviewed,legacy-import,legacy-unknown,80a8a047a16870a21ac01eef060eb537985485f5f2fbe21a998c08f53e815036,Which force pulls objects toward Earth's center?
5005-026,5005,Science,Physical Science,medium,single-select,human-reviewed,legacy-import,legacy-unknown,658487309c990fe75ba9f21056d31eba6dd739e8ca0829ff8c7406620acbf787,A ball rolls down a hill and slows to a stop. What energy transformation occurred?
5005-027,5005,Science,Physical Science,hard,single-select,human-reviewed,legacy-import,legacy-unknown,c36eea71fa39bd7427e3b99f0b3f87bfbd4b6a6c79bcd75c3627365a9aa34dc9,Which assessment best measures a student's understanding of conservation of energy?
5005-028,5005,Science,Physical Science,medium,single-select,human-reviewed,legacy-import,legacy-unknown,5fde5d656654a43f086b578bcc0e8dd8eb330e09e2073937bb15769b04d91442,What type of energy is stored in a battery?
5005-029,5005,Science,Physical Science,easy,single-select,human-reviewed,legacy-import,legacy-unknown,f9436346b22bdb88f94cabf06e0c353460fd84bd98d3978c8a0cc35f34d49186,What happens to most materials when they are heated?
5005-030,5005,Science,Physical Science,hard,single-select,human-reviewed,legacy-import,legacy-unknown,e67b2206cdc79e30908766c51a17353c84b57a5452d19c7e1cbe644857caeb96,A student mixes baking soda and vinegar in a sealed bag. The bag inflates. Which explanation is corr
5002-031,5002,Reading and Language Arts,Reading,easy,single-select,human-reviewed,legacy-import,legacy-unknown,f30bc8a51293789934210abcb85a3465ec7aeeb5c608560005c0958e477afa57,What is the main idea of a passage?
5002-032,5002,Reading and Language Arts,Reading,medium,single-select,human-reviewed,legacy-import,legacy-unknown,e73a7ddaad7b3e4b21aae574be8336f59ce438539099483658b30c26b2bec69e,"In a persuasive essay, which element is essential to establish credibility?"
5002-033,5002,Reading and Language Arts,Reading,hard,single-select,human-reviewed,legacy-import,legacy-unknown,b5653f03c813581f11c9c8d65824a4323f148f021da2e980861a2b8e4d89a8e9,Which approach best helps English learners access grade-level text?
5002-034,5002,Reading and Language Arts,Reading,medium,single-select,human-reviewed,legacy-import,legacy-unknown,2d499610d8788b8583e208d9e88140a8d1ed3434bb9266c557307fbc3b1cba1c,What is the function of a topic sentence?
5002-035,5002,Reading and Language Arts,Reading,easy,single-select,human-reviewed,legacy-import,legacy-unknown,102fca5103bc1df7216cd36ca8a8cf750e24500a6fcb42449b9444ed4dcd054d,Which type of text organization presents events in the order they happened?
5002-036,5002,Reading and Language Arts,Reading,hard,single-select,human-reviewed,legacy-import,legacy-unknown,7cf1a67a883abb400c7134c6cdc13bad436bc8771086b67b04a9bac80576b8fe,"An author writes: 'The factory's smokestacks, like gray sentinels, dominated the skyline.' What is t"
5002-037,5002,Reading and Language Arts,Reading,medium,single-select,human-reviewed,legacy-import,legacy-unknown,135008100447996eeb6c25c19b4d205bd71e253d448613ae07575d4a3e9af3c7,Students are learning to summarize. Which guidance is most effective?
5002-038,5002,Reading and Language Arts,Reading,easy,single-select,human-reviewed,legacy-import,legacy-unknown,bb42486b71259c3fd63d5a758fb27fa10d17457edab671926f37a9a8dda8b3e4,What is the difference between fiction and nonfiction?
5002-039,5002,Reading and Language Arts,Reading,medium,single-select,human-reviewed,legacy-import,legacy-unknown,07b3c5d12ff154571fe7232004ce60a296c2e9db7ce7bccf28088505d04d4fbb,A reader encounters an unfamiliar word 'photosynthesis' in a science text. Which strategy best helps
5002-040,5002,Reading and Language Arts,Reading,hard,single-select,human-reviewed,legacy-import,legacy-unknown,f602c7b721f3dcd9e1498efb184161e0eeec1f787e5c3b1afbb286ac7ea54143,Which discussion protocol best develops students' ability to cite textual evidence?
5002-041,5002,Reading and Language Arts,Reading,easy,single-select,human-reviewed,legacy-import,legacy-unknown,8ea81e1d2d2b3f6ba19a2f96f2eec8466c24e6fc77be17c6190a3d14d99145ec,What is a metaphor?
5002-042,5002,Reading and Language Arts,Reading,medium,single-select,human-reviewed,legacy-import,legacy-unknown,f17e04107cd7080f063be12cbe5238d787bda90b859b7e209e4c80c6da9366ad,Why might an author use irony in a story?
5002-043,5002,Reading and Language Arts,Reading,hard,single-select,human-reviewed,legacy-import,legacy-unknown,756c9a56f37d89ab2eb446f3e5fcf016f189d9c3b49a3beb9dc09dd8e8ce70c8,A student consistently misreads 'thought' as 'through.' Which intervention is most appropriate?
5002-044,5002,Reading and Language Arts,Reading,medium,single-select,human-reviewed,legacy-import,legacy-unknown,cd62ffc856abf599a560ce6120eff4ba818aaa001722f1510c0c0a51270fefaa,What is the purpose of a conclusion in an informational text?
5002-045,5002,Reading and Language Arts,Reading,easy,single-select,human-reviewed,legacy-import,legacy-unknown,b209d798511bb2f0ba73f4ba5fe270f9cf849ebd1fd8c37ef95fcce794fc553c,Which punctuation mark indicates possession?
5002-046,5002,Reading and Language Arts,Reading,medium,single-select,human-reviewed,legacy-import,legacy-unknown,7c15ef8c8cca96a173ab1d4575af794a4013ee18f372d9e818ce6c34f696cebe,A passage argues that school uniforms reduce distractions. Which evidence would best support this cl
5002-047,5002,Reading and Language Arts,Reading,hard,single-select,human-reviewed,legacy-import,legacy-unknown,ab046ed6def92674594c3d9018e80df6de61dc5090e4d20f121844879048c680,Which assessment best measures inferential comprehension?
5002-048,5002,Reading and Language Arts,Reading,medium,single-select,human-reviewed,legacy-import,legacy-unknown,860e870f347342f1e049a5f2a8723f7a8bf871dddd6ae285f5d3979ae920eda3,What is the role of dialogue in a narrative?
5002-049,5002,Reading and Language Arts,Reading,easy,single-select,human-reviewed,legacy-import,legacy-unknown,92c48e72a7787184c578453e6ca06b6375809d345693d40e0f6bcd87d1b6d914,Which signal word indicates cause and effect?
5002-050,5002,Reading and Language Arts,Reading,hard,single-select,human-reviewed,legacy-import,legacy-unknown,e60ef8b075c31374c632e6ea8d88bc9e37b1f0f62a21863024eab4bdaebae979,A poem uses enjambment repeatedly. What effect does this create?
5002-051,5002,Reading and Language Arts,Reading,medium,single-select,human-reviewed,legacy-import,legacy-unknown,ebb24f7279cba8d676a9e3d0b7cc591b5e8b9c1a1cdb639a70d2feea11b0dd96,Students need to compare two characters from different stories. Which organizer is most effective?
5002-052,5002,Reading and Language Arts,Reading,easy,single-select,human-reviewed,legacy-import,legacy-unknown,6df79cbf90f7811b239176906f6d7f44296ee2b1c4f68d54b379c4caece5f7d3,What is the denotation of a word?
5002-053,5002,Reading and Language Arts,Reading,medium,single-select,human-reviewed,legacy-import,legacy-unknown,81053a21ab6ab2a4a109fdf590d09ed4f5add0361d07ce3b972706d7403722fb,Why is point of view important in a narrative?
5002-054,5002,Reading and Language Arts,Reading,hard,single-select,human-reviewed,legacy-import,legacy-unknown,dfa9dd3a51c8d9059f81d7ac4be2d87a41a5d1af092c015096ce6e1aec349a62,Which strategy best supports students who struggle with text cohesion?
5002-055,5002,Reading and Language Arts,Reading,medium,single-select,human-reviewed,legacy-import,legacy-unknown,df9c76332902132e4d7b79ab91af6ccf4ad1f8032698c5e5068ece4ae278b5ab,What is the purpose of a diagram in an informational text?
5002-056,5002,Reading and Language Arts,"Writing, Speaking, and Listening",easy,single-select,human-reviewed,legacy-import,legacy-unknown,b7ee8837cfa73c2f497bdcdb7a2e268d7b2551a786e1a443324c13612590b40d,What is the purpose of a thesis statement?
5002-057,5002,Reading and Language Arts,"Writing, Speaking, and Listening",medium,single-select,human-reviewed,legacy-import,legacy-unknown,e3f14375950c241c076b341df69c947e5d5662e35a0ffb77a7845e3ac203aa97,Which sentence is written in the passive voice?
5002-058,5002,Reading and Language Arts,"Writing, Speaking, and Listening",hard,single-select,human-reviewed,legacy-import,legacy-unknown,7cc65dc58e5aeaec43212b356dcfbb14c2322c480dc6f4b1afd827b935b8cd8e,A student's writing lacks transitions between paragraphs. Which feedback is most useful?
5002-059,5002,Reading and Language Arts,"Writing, Speaking, and Listening",medium,single-select,human-reviewed,legacy-import,legacy-unknown,ccf2ffa11c28f9af6d973c70caeaf0ca7f0ebabd6d1bacdf48fdac8a0549cfe4,Which revision best improves the sentence: 'The research was done by us and the results were good'?
5002-060,5002,Reading and Language Arts,"Writing, Speaking, and Listening",easy,single-select,human-reviewed,legacy-import,legacy-unknown,cefa6953418416d8c42308b30ba1e7fd974db3f52ec7f0193edc15011ed84a52,What is a compound sentence?
5002-061,5002,Reading and Language Arts,"Writing, Speaking, and Listening",medium,single-select,human-reviewed,legacy-import,legacy-unknown,b3c77d8b44ba8e18831e3d5f496ce444d5e7ab0627f2f2dbbc0d2c669645b13f,Which modeling technique best shows students how to write a strong topic sentence?
5002-062,5002,Reading and Language Arts,"Writing, Speaking, and Listening",hard,single-select,human-reviewed,legacy-import,legacy-unknown,d189513437f0ad651eb1af00c3a7079cabaa2c6f358392f1dd1ae5d5c892b492,Which sentence demonstrates correct parallel structure?
5002-063,5002,Reading and Language Arts,"Writing, Speaking, and Listening",medium,single-select,human-reviewed,legacy-import,legacy-unknown,376fa67c44ced29198e00dbc96a57b61451a2fa4799ca9a1d7dc0016de5cd0f2,What is the difference between a clause and a phrase?
5002-064,5002,Reading and Language Arts,"Writing, Speaking, and Listening",easy,single-select,human-reviewed,legacy-import,legacy-unknown,d1cbdfbd24c3fdce81242bb75067a88ae98ea103e2686384acdbc9e3dd21dbaf,Which ending is appropriate for a formal email to a teacher?
5002-065,5002,Reading and Language Arts,"Writing, Speaking, and Listening",hard,single-select,human-reviewed,legacy-import,legacy-unknown,487d42bb82cba6301ce435eb3decaef5ce8eba4c8f97999bebcd88cdc69bf1dd,A student writes a persuasive piece that presents only one side of an issue. How should the teacher 
5002-066,5002,Reading and Language Arts,"Writing, Speaking, and Listening",medium,single-select,human-reviewed,legacy-import,legacy-unknown,5cb8b89f4b928d6a5cbf8a84e82417ef03c45a0a7464cd01724eab6556eb3919,What is the correct use of a semicolon?
5002-067,5002,Reading and Language Arts,"Writing, Speaking, and Listening",easy,single-select,human-reviewed,legacy-import,legacy-unknown,26334f0c75479e71e6f64219a3a8a06e35de1d7d0e88772c3e0cca57d03434bb,Which word is an adjective?
5002-068,5002,Reading and Language Arts,"Writing, Speaking, and Listening",medium,single-select,human-reviewed,legacy-import,legacy-unknown,da15c5c9d43ee0f4530242c22b4890368ff5fdd99666b1f1283b2cd38a3380c9,Which revision clearly indicates that Mike made the mistake in 'Tom told Mike that he made a mistake
5002-069,5002,Reading and Language Arts,"Writing, Speaking, and Listening",hard,single-select,human-reviewed,legacy-import,legacy-unknown,1f0c13d125db0f833a94b002e5f08226418aec72eb50307552ce086855b4fb85,Which peer review structure maximizes constructive feedback?
5002-070,5002,Reading and Language Arts,"Writing, Speaking, and Listening",medium,single-select,human-reviewed,legacy-import,legacy-unknown,78dbd9efd2a379ec5577f6ab11361524276c857da187789a3e30cc4fc59cd323,What is an abstract noun?
5002-071,5002,Reading and Language Arts,"Writing, Speaking, and Listening",easy,single-select,human-reviewed,legacy-import,legacy-unknown,00465f56e7814b6f320fffe91778795e2c897dbeba9541c5fbdc8bd29dbe6d17,Which punctuation ends a declarative sentence?
5002-072,5002,Reading and Language Arts,"Writing, Speaking, and Listening",hard,single-select,human-reviewed,legacy-import,legacy-unknown,09422a41959559e31a6fc598a1eafe7238373b36d3c89b0741daa52b3c0b3ff4,Which sentence demonstrates correct use of the subjunctive mood?
5002-073,5002,Reading and Language Arts,"Writing, Speaking, and Listening",medium,single-select,human-reviewed,legacy-import,legacy-unknown,65506a2988d069216c3b28b7f8efde84d79ad759b8a21b8e67d3fbd5da05c067,Students need to learn to vary sentence openings. Which activity is most effective?
5002-074,5002,Reading and Language Arts,"Writing, Speaking, and Listening",easy,single-select,human-reviewed,legacy-import,legacy-unknown,b2699c4f2dbdf26f62d87eb6412198c8517d8f0ab0710296430d9241b74a8d42,What is an antecedent?
5002-075,5002,Reading and Language Arts,"Writing, Speaking, and Listening",medium,single-select,human-reviewed,legacy-import,legacy-unknown,e1f7aa7766fd5c4327cbf7b615cbc46e135b18644a8eff0120b0b672812db5a9,Which phrase is an example of a dangling modifier?
5002-076,5002,Reading and Language Arts,"Writing, Speaking, and Listening",hard,single-select,human-reviewed,legacy-import,legacy-unknown,59011cafb878ef475133e9de89005bca7521550ac0eb70855a733ddc1a30186d,A multilingual writer uses correct grammar but writes in a style that seems 'formal' to native speak
5002-077,5002,Reading and Language Arts,"Writing, Speaking, and Listening",medium,single-select,human-reviewed,legacy-import,legacy-unknown,4893ef2c32ba74c7a3f3349fb054b6947e196a13fdd68ec0dbf1be82fb596286,What is the function of an interrupter?
5002-078,5002,Reading and Language Arts,"Writing, Speaking, and Listening",easy,single-select,human-reviewed,legacy-import,legacy-unknown,672acaa383478700fbba4b8002add217fbab04bbdbff190fa18b9f4c998f9de2,Which is a proper use of capitalization?
5002-079,5002,Reading and Language Arts,"Writing, Speaking, and Listening",hard,single-select,human-reviewed,legacy-import,legacy-unknown,3b5214f0473dd54b6d41bb15190f34af7908eaae1ff1b0e11450488dfe9ac0a0,"Which revision best fixes the faulty parallelism: 'The class enjoyed reading, to write, and painting"
5002-080,5002,Reading and Language Arts,"Writing, Speaking, and Listening",medium,single-select,human-reviewed,legacy-import,legacy-unknown,ce314643ab4f6578732eb6de3481a40a4af40a402c6b5f60ae4ca289c2e2f4e4,Which strategy best helps students edit for consistency in tense?
5002-081,5002,Reading and Language Arts,"Writing, Speaking, and Listening",easy,single-select,human-reviewed,legacy-import,legacy-unknown,eb9e1239b6a20d9ed288353cb76a5dde3a9fd4cb30ff170b9e2acadfc230df72,What is an interjection?
5002-082,5002,Reading and Language Arts,"Writing, Speaking, and Listening",medium,single-select,human-reviewed,legacy-import,legacy-unknown,5af95eb9c3f16d3014b916bcd8fde044ecdf6aab4f9578060a317c0726427656,Why is active voice generally preferred in academic writing?
5002-083,5002,Reading and Language Arts,"Writing, Speaking, and Listening",hard,single-select,human-reviewed,legacy-import,legacy-unknown,2ff14d1033308fdcd0b86c9c98e78d6dff23ca5ff14972fa3071c3bff874aa4f,A student's writing is verbose with unnecessary words. Which intervention is most effective?
5002-084,5002,Reading and Language Arts,"Writing, Speaking, and Listening",medium,single-select,human-reviewed,legacy-import,legacy-unknown,a2cb88eb2914d6bd5d656840accccc1fc68fe226aa677802398556fbe7b53a2b,What is a colophon?
5002-085,5002,Reading and Language Arts,"Writing, Speaking, and Listening",easy,single-select,human-reviewed,legacy-import,legacy-unknown,ebcbe8be9750b22a4f315c7493ed174be26190a75d9723cffed5dca6069b4e4f,Which pair of words are homophones?
5003-031,5003,Mathematics,Numbers and Operations,easy,single-select,human-reviewed,legacy-import,legacy-unknown,ca0d39ed4f70d0e83d293c405e4dca2b1566aa2630aa7f6b787c4f0d16bd5a4d,What is the product of 7 and 8?
5003-032,5003,Mathematics,Numbers and Operations,medium,single-select,human-reviewed,legacy-import,legacy-unknown,82f5c71a4f1bfbead62e524248249fedc75e2899cbc77c2012be0e23dc21ab6a,Why does dividing by a fraction less than 1 produce a larger result?
5003-033,5003,Mathematics,Numbers and Operations,hard,single-select,human-reviewed,legacy-import,legacy-unknown,fbed2f0cde544e16ffd8144ed80decc740da82f24c132dc4d1e1a44bfc2a4a6e,Students think that 0.12 is larger than 0.5 because 12 > 5. Which representation best helps them see
5003-034,5003,Mathematics,Numbers and Operations,medium,single-select,human-reviewed,legacy-import,legacy-unknown,ea520297633946e40ec2bd9468ae43244b7a5711928764143654c77737a351b8,Which is the least positive number divisible by both 3 and 4?
5003-035,5003,Mathematics,Numbers and Operations,easy,single-select,human-reviewed,legacy-import,legacy-unknown,98c3e49fbf90789d3947ba9420fb0ddde25e08cdaac19d4404adb8c481529f4d,"What is the value of the digit 5 in 3,527?"
5003-036,5003,Mathematics,Numbers and Operations,hard,single-select,human-reviewed,legacy-import,legacy-unknown,29c91ef29023df59efe924ef47e74625c3d885b2a6050a34418763ddf5992dde,Which statement about integers is true?
5003-037,5003,Mathematics,Numbers and Operations,medium,single-select,human-reviewed,legacy-import,legacy-unknown,b9a9d408ca7ff5c446d417aaf15bea962c73d31ad39d87589ab05a66e770ff90,Which tool best helps students understand the relationship between addition and subtraction?
5003-038,5003,Mathematics,Numbers and Operations,easy,single-select,human-reviewed,legacy-import,legacy-unknown,6552e9beb10df5b91df831b9d246e09cb05bf74d1196b8cb9e4b128f51b7e26b,What is 1/2 expressed as a decimal?
5003-039,5003,Mathematics,Numbers and Operations,medium,single-select,human-reviewed,legacy-import,legacy-unknown,c59a829023a967a87758771479a9d669ba3726cdba8bcdd1352c0d8fafbf202a,A bag contains 3 red marbles and 5 blue marbles. What is the probability of selecting a red marble?
5003-040,5003,Mathematics,Numbers and Operations,hard,single-select,human-reviewed,legacy-import,legacy-unknown,c21c6733164624dcdfea6927be2cab8515dc9e88634cc7fc7525b127db03ecc7,Why is 0.999... (repeating) equal to 1?
5004-033,5004,Social Studies,"United States History, Government, and Citizenship",easy,single-select,human-reviewed,legacy-import,legacy-unknown,77b2ecb1dd55a1141740dce1140c6b13c970197c82802cf574ae3c5358d76b38,What are the three branches of the U.S. federal government?
5004-034,5004,Social Studies,"United States History, Government, and Citizenship",medium,single-select,human-reviewed,legacy-import,legacy-unknown,f08980e533baeaf66a1e93ca03905c761650670cec2edda68939568d203d346f,How many years does a U.S. Senator serve?
5004-035,5004,Social Studies,"United States History, Government, and Citizenship",hard,single-select,human-reviewed,legacy-import,legacy-unknown,74e4affbe9c2d53779c202feb06ba8a41ad28192797b5d307000ee317839e6c1,The Necessary and Proper Clause is also known as the:
5004-036,5004,Social Studies,"United States History, Government, and Citizenship",medium,single-select,human-reviewed,legacy-import,legacy-unknown,f528184d2ffa4fc4df236336d075daf2f9d1a714b72fec76218c3621d9f84d36,Which activity helps students understand the amendment process?
5004-037,5004,Social Studies,"United States History, Government, and Citizenship",easy,single-select,human-reviewed,legacy-import,legacy-unknown,4b9cb7bed4fb550ef9a276faa8f58ebfaf94c6ea28ee20a47813a6841cbd34fa,What is the purpose of the Preamble to the Constitution?
5004-038,5004,Social Studies,"United States History, Government, and Citizenship",medium,single-select,human-reviewed,legacy-import,legacy-unknown,edc280ec70dd50453d54fd1ac53b8b9eb2e3ea6511d7626bf22989554edb73ff,Which right is protected by the First Amendment?
5004-039,5004,Social Studies,"United States History, Government, and Citizenship",hard,single-select,human-reviewed,legacy-import,legacy-unknown,d316bdb76b06db26c3f55de2ffc0e4f136d002a4b199ad8b5a011895f32b5679,Students confuse the Bill of Rights with the original Constitution. Which comparison is most helpful
5004-040,5004,Social Studies,"United States History, Government, and Citizenship",medium,single-select,human-reviewed,legacy-import,legacy-unknown,d05fbccc2029f1737272163b987c514ea1eb1247d7d15ae98cff69fa334d7414,What happens if the Supreme Court declares a law unconstitutional?
5004-041,5004,Social Studies,"United States History, Government, and Citizenship",easy,single-select,human-reviewed,legacy-import,legacy-unknown,596f1474d27aeeae7792b8d65e57f8bae301028b0818ae2a0a401b9e319bf780,How many votes in the Senate are needed to convict in an impeachment trial?
5004-042,5004,Social Studies,"United States History, Government, and Citizenship",hard,single-select,human-reviewed,legacy-import,legacy-unknown,97d2eef7cd57247f5ed5b1ddfad9b0081976cee5438b8e5dc68a974fae0f29a4,The concept of 'checks and balances' differs from 'separation of powers' because:
5004-043,5004,Social Studies,"United States History, Government, and Citizenship",medium,single-select,human-reviewed,legacy-import,legacy-unknown,be3fe765e9d127f96b1d4ff066e01397fd227226f1634748b52dc32db5714405,Which primary source is most effective for teaching students about the Constitutional Convention?
5004-044,5004,Social Studies,"United States History, Government, and Citizenship",easy,single-select,human-reviewed,legacy-import,legacy-unknown,74c2a34f3c462fbc89ab1b824e020d884cabd25183671797d5bb8e68ff9f3374,Who writes federal laws?
5004-045,5004,Social Studies,"United States History, Government, and Citizenship",medium,single-select,human-reviewed,legacy-import,legacy-unknown,05ae61da14b5aae4aed2a47414145526caf185273f5e6a83b91f26230f619f9f,Why did the framers include the Electoral College?
5004-046,5004,Social Studies,"United States History, Government, and Citizenship",hard,single-select,human-reviewed,legacy-import,legacy-unknown,fedad9608c36cf804838f981b11ce1cb768842a4fd5257281f7e1ec9c2f21e7b,Students think the Constitution is outdated and irrelevant. Which response best addresses this?
5004-047,5004,Social Studies,"United States History, Government, and Citizenship",medium,single-select,human-reviewed,legacy-import,legacy-unknown,662194cd2ae458c7793ab302453a5ba35040a033c6afe45abbe2f6e3970fa5dd,What is the role of the Vice President in the Senate?
5004-048,5004,Social Studies,"United States History, Government, and Citizenship",easy,single-select,human-reviewed,legacy-import,legacy-unknown,f32a01d4a3a59c868c626a0facdc60da8627e5b526f958a4661940dff087e1a0,How many senators does each state have?
5005-031,5005,Science,Earth Science,easy,single-select,human-reviewed,legacy-import,legacy-unknown,6fab603ff1ad40c084995db4cf88e2af8a4f567d173a1ba9101ef8c9fed6c340,What causes day and night on Earth?
5005-032,5005,Science,Earth Science,medium,single-select,human-reviewed,legacy-import,legacy-unknown,7ecdcc1da0d1210ecb9df69f5f95431b0bc41c072a88a549caf5a69210429fee,Which rock type is formed from cooled magma or lava?
5005-033,5005,Science,Earth Science,hard,single-select,human-reviewed,legacy-import,legacy-unknown,a4ffc3481fd2c1506e7170e47cfb19f266d9fc9c450c9cf0bf82d493683ac3fd,A rock layer is found upside down in a mountain. What is the most likely explanation?
5005-034,5005,Science,Earth Science,medium,single-select,human-reviewed,legacy-import,legacy-unknown,6eb1f1411ccbbce337a17ba4fdf454fb52fea5806417543919d70679afd3a7cd,Which model best represents the layers of the Earth?
5005-035,5005,Science,Earth Science,easy,single-select,human-reviewed,legacy-import,legacy-unknown,aeb3759fd1eda546b417c4f625ead072d5802a169af0b399106757a473ff33be,What is the Moho?
5005-036,5005,Science,Earth Science,medium,single-select,human-reviewed,legacy-import,legacy-unknown,43685512cebf69d1251202c713372f44f8f65b3ce576797587dc14a8c6690957,How do continental and oceanic crust differ?
5005-037,5005,Science,Earth Science,hard,single-select,human-reviewed,legacy-import,legacy-unknown,4f920423ef3adf6eca82b0eb0bc8234887a6f49e59fcae2e3f708049af5fc411,Students think volcanoes only occur at plate boundaries. How should a teacher address this?
5005-038,5005,Science,Earth Science,medium,single-select,human-reviewed,legacy-import,legacy-unknown,7214ae1169a74be3f0e23397a08fa9c365294681ba1228257d9115383c2274a4,What type of plate boundary creates new crust?
5005-039,5005,Science,Earth Science,easy,single-select,human-reviewed,legacy-import,legacy-unknown,670c092b7a64d5af9bce1a5c6bffc4f8554ddd9fff6c69150bcfe1222625b4bb,What is the Ring of Fire?
5005-040,5005,Science,Earth Science,hard,single-select,human-reviewed,legacy-import,legacy-unknown,dd1ac1a4476b10798e916e83ecec7d803de99c59c87c76f425c5aa6406ffb8a2,Why do earthquake waves help us know about Earth's interior?
5005-041,5005,Science,Earth Science,medium,single-select,human-reviewed,legacy-import,legacy-unknown,828e5a0a101bde3547d4b97534cea29ac919997a1fa4e16161ee767e372049d5,Which experiment best demonstrates how sedimentary layers form?
5005-042,5005,Science,Earth Science,easy,single-select,human-reviewed,legacy-import,legacy-unknown,ae2000dbbdff4595c5f60b51d32e64ecd5f7bc4e8d07ecbba5c45afc471eae4f,What is the process called when rocks break down into smaller pieces?
5005-043,5005,Science,Earth Science,medium,single-select,human-reviewed,legacy-import,legacy-unknown,2f7b784d102581832e80d4953f23e10bdc4b088ddf61f75849d4047986f31c5d,"How does the water cycle connect the atmosphere, land, and oceans?"
5005-044,5005,Science,Earth Science,hard,single-select,human-reviewed,legacy-import,legacy-unknown,cb7c58862adff324abaa7acbaee6551d596fb3131430240c303cf55b376154fa,Students think that erosion and weathering are the same. Which distinction is most important to teac
5005-045,5005,Science,Life Science,easy,single-select,human-reviewed,legacy-import,legacy-unknown,ebd9d5e7a8e425662a24ed84b61ecf1f11b65a6fdd48a565888a2a86997f4644,What is DNA's primary function?
5005-046,5005,Science,Life Science,medium,single-select,human-reviewed,legacy-import,legacy-unknown,040c2f476884669c2e8b08679a84b74964e28ebdfabb0cea2eee3aa0f78c5d12,Why are mutations important to evolution?
5005-047,5005,Science,Life Science,hard,single-select,human-reviewed,legacy-import,legacy-unknown,7dd5be88ef042ca37deab04ceaa87c4e83a36e010ffd5fb82619fa25ee08871c,Students think that evolution means individuals change during their lifetime. How should a teacher c
5005-048,5005,Science,Life Science,medium,single-select,human-reviewed,legacy-import,legacy-unknown,8041ac154020ccd84213b8c85c32383fb6f8bca10dc93bf39e323ef341720115,What is the role of RNA in protein synthesis?
5005-049,5005,Science,Life Science,easy,single-select,human-reviewed,legacy-import,legacy-unknown,0f571c5db1442e29aa2b836c5e30bafb78b230424e8211938f21efe1c8070cfd,Which organelle contains chlorophyll?
5005-050,5005,Science,Life Science,hard,single-select,human-reviewed,legacy-import,legacy-unknown,0f8c37b95d498af8d05e450a33e1517250358e45026bf0db039870920ac8ddda,Why do sexually reproducing organisms have more genetic variation than asexual ones?
5005-051,5005,Science,Life Science,medium,single-select,human-reviewed,legacy-import,legacy-unknown,38d3cbdc76750b1befa403e66fa1a24a0a62217f0fcd6eb876bb16f42a4582e3,Which investigation best demonstrates osmosis?
5005-052,5005,Science,Life Science,easy,single-select,human-reviewed,legacy-import,legacy-unknown,3dbc3ad05ab5a68fa13b115b0759ce36ca07fffcfab9839d561a34070b1cd1a2,What is the basic unit of heredity?
5005-053,5005,Science,Life Science,medium,single-select,human-reviewed,legacy-import,legacy-unknown,1a938b990a52d4822a41d851b8014f7810f9837acbd47ce24c1b46be667d757c,"If a homozygous dominant (BB) parent crosses with a homozygous recessive (bb) parent, what percentag"
5005-054,5005,Science,Life Science,hard,single-select,human-reviewed,legacy-import,legacy-unknown,ae207e80cd4fd2d29de738d1110a120767226ef949d5c3e295389a22f21f2bcd,Students think that organisms evolve because they 'need' to. How should a teacher respond?
5005-055,5005,Science,Life Science,medium,single-select,human-reviewed,legacy-import,legacy-unknown,bbc91ca9493b49c53781256f6e801a4518fb7b1229c9a60688737851e50b5177,What is homeostasis?
5005-056,5005,Science,Life Science,easy,single-select,human-reviewed,legacy-import,legacy-unknown,9608a59aaac51c4fe2e3636c9c7b89d7ba050779a7c2cc7184d230814cd7620d,Which kingdom is characterized mainly by multicellular organisms that carry out photosynthesis?
5005-057,5005,Science,Life Science,hard,single-select,human-reviewed,legacy-import,legacy-unknown,b1893a48787bc8ef0a250d8767355c9af69ac6b9207b8487f24a40ab807d8f3b,Why do predators and prey often evolve together?
5005-058,5005,Science,Life Science,medium,single-select,human-reviewed,legacy-import,legacy-unknown,782bd92d6bf770e6e07ef8a8298004190341c1ee7701ddfe4b794f7ca385f544,Which assessment best measures understanding of ecological relationships?
5005-059,5005,Science,Physical Science,easy,single-select,human-reviewed,legacy-import,legacy-unknown,6331f91534033168494580cf8469ff7140a81d4bd296e7e0375da20afe390e7b,What is the SI unit of force?
5005-060,5005,Science,Physical Science,medium,single-select,human-reviewed,legacy-import,legacy-unknown,4791bbf5e77c5ac6238378b5f17b5c290ea6be8e747faecfc14870d4362a6afd,"According to Newton's second law, what happens to acceleration if mass doubles while force stays the"
5005-061,5005,Science,Physical Science,hard,single-select,human-reviewed,legacy-import,legacy-unknown,66e79958b8c0cc8ecf090baefe9eb0677e95c5365a4cc7fdfc84224afcfa2585,Students think that heavier objects fall faster. Which investigation most effectively challenges thi
5005-062,5005,Science,Physical Science,medium,single-select,human-reviewed,legacy-import,legacy-unknown,08a97f1dd9b0e088d5593f1c325575a4664a0ed7e9e36f5b9eeaaa8d2d1d59ae,What is the relationship between frequency and wavelength of a wave?
5005-063,5005,Science,Physical Science,easy,single-select,human-reviewed,legacy-import,legacy-unknown,19fb4b364d6b2da214bd62338793ca11fa2da9ce2ba92dd662c37a8447b55104,What type of energy does a moving object have?
5005-064,5005,Science,Physical Science,medium,single-select,human-reviewed,legacy-import,legacy-unknown,176d2c6adc3750d5bec2bf1a211d8e10c838b7f55e2a6be4ecb8a9907f7c01a6,Why does a mirror produce a reflection?
5005-065,5005,Science,Physical Science,hard,single-select,human-reviewed,legacy-import,legacy-unknown,3adb9548c5890885a7a3512ec64c0564d3b7eb69ad9c666d94df65ad744aeeab,Which demonstration best shows that air has mass?
5005-066,5005,Science,Physical Science,medium,single-select,human-reviewed,legacy-import,legacy-unknown,beb5b4f6734ec05dbdd7c835aa415a89aee744fee7eb6f1b082e1e4f9bb6e4f1,What is the chemical symbol for gold?
5005-067,5005,Science,Physical Science,easy,single-select,human-reviewed,legacy-import,legacy-unknown,ed685c15c2d5e6544b4565195bc8c1308d42fbfd190fc4343bcbf0ff60b7135d,What state of matter has definite shape and volume?
5005-068,5005,Science,Physical Science,hard,single-select,human-reviewed,legacy-import,legacy-unknown,77d6a6f309fbfdb28bb659ef375bb2388ac8d6bae65da218f6bbc40cd58c47bc,Why do metals conduct electricity well?
5005-069,5005,Science,Physical Science,medium,single-select,human-reviewed,legacy-import,legacy-unknown,f5f63850c35ee9fb9f37899a631c407dbabc0dc2bb4de6ce7cfdeab6a56f3b83,Which approach best teaches the concept of density?
5005-070,5005,Science,Physical Science,easy,single-select,human-reviewed,legacy-import,legacy-unknown,947a2666c1b55aa236382d72c0ec2b7445cfe3185782a741cc6deb308ac91d2a,What is the speed of light approximately?
5005-071,5005,Science,Physical Science,medium,single-select,human-reviewed,legacy-import,legacy-unknown,b2270b94e2b999cf9c5d93be0e9223d3e44e77f52fe1a2888f09d6ff40a882b0,What happens to the pressure of a gas when its volume decreases at constant temperature?
5005-072,5005,Science,Physical Science,hard,single-select,human-reviewed,legacy-import,legacy-unknown,b1578b81f739a9b887638089a68c69496418dcf7610af04e2311121bc8c36491,Which scenario best demonstrates conservation of momentum?
5004-049,5004,Social Studies,"Geography, Anthropology, and Sociology",easy,single-select,human-reviewed,legacy-import,legacy-unknown,f78b8acab80e6b5fa16e8e4d6bacb552ad4a9f8d10f9a5ff2f5b68c6482c9c5e,"Which geographic tool is best suited for analyzing layers of population, roads, and land use togethe"
5004-050,5004,Social Studies,"Geography, Anthropology, and Sociology",medium,single-select,human-reviewed,legacy-import,legacy-unknown,ffe43d57efdf333c617cb638614f95138d03d1e29e6c3110b5fff7a7ee5a1294,What is 'place' as a geographic concept?
5004-051,5004,Social Studies,"Geography, Anthropology, and Sociology",hard,single-select,human-reviewed,legacy-import,legacy-unknown,2367bd225e8ce9ac9e6bd7ec025a00f6f29c6d278fcd342d2ac974e1327725a7,Students confuse 'location' with 'place.' Which distinction is clearest?
5004-052,5004,Social Studies,"Geography, Anthropology, and Sociology",medium,single-select,human-reviewed,legacy-import,legacy-unknown,bf494a18a1ad475e62cfbaa32f890b7c2d8b1c100cd85135b7f0f744260e2a00,Which type of map projection distorts area the least?
5004-053,5004,Social Studies,"Geography, Anthropology, and Sociology",easy,single-select,human-reviewed,legacy-import,legacy-unknown,67da2a04325d0af92828adeb501c711b6e91f176e964bf799240a7e305d32826,What is the prime meridian?
5004-054,5004,Social Studies,"Geography, Anthropology, and Sociology",medium,single-select,human-reviewed,legacy-import,legacy-unknown,e25862c781ba5e3e0651d3c5ce58895688f7f3a5f41b5d55d48fcb54006abe8a,What is the difference between density and dispersion?
5004-055,5004,Social Studies,"Geography, Anthropology, and Sociology",hard,single-select,human-reviewed,legacy-import,legacy-unknown,07d26b24c65913e9d2063f9bec761be1ddfd0c85d7daa8d80d9536c8383c359c,Which activity best teaches students to think geographically?
5004-056,5004,Social Studies,"Geography, Anthropology, and Sociology",medium,single-select,human-reviewed,legacy-import,legacy-unknown,c98720692a1462c488d0dd1af25dda32ea6e6bc3dbaf84dfb9a325a622271783,What is globalization's effect on local cultures?
5004-057,5004,Social Studies,"Geography, Anthropology, and Sociology",easy,single-select,human-reviewed,legacy-import,legacy-unknown,210541958422fe055f95869e39d759082301586f19ff914077ac6276c9675aed,Which climate zone is found near the equator?
5004-058,5004,Social Studies,World History and Economics,easy,single-select,human-reviewed,legacy-import,legacy-unknown,1a070f15a11f7f385c1f40ec0b73ecd259972aee4e4f2c46ee5edfb2e0421c27,Which civilization developed cuneiform writing?
5004-059,5004,Social Studies,World History and Economics,medium,single-select,human-reviewed,legacy-import,legacy-unknown,04c43cea0a178a932c8cc4d2ae7cf35760ab630d84dfb290d91116173b4c9764,What was the primary economic impact of the Silk Road?
5004-060,5004,Social Studies,World History and Economics,hard,single-select,human-reviewed,legacy-import,legacy-unknown,f51119cff66ff7147bd21dbcb50fb3c05ca914c63d5297ab72fadc2701b194ee,Which method best helps students understand cause and effect in historical events?
5004-061,5004,Social Studies,World History and Economics,medium,single-select,human-reviewed,legacy-import,legacy-unknown,b575308250213ba93616ee96ecc28d70e617894333a7905efe275b6b4cad5107,What was the main outcome of the Magna Carta (1215)?
5004-062,5004,Social Studies,World History and Economics,easy,single-select,human-reviewed,legacy-import,legacy-unknown,09d767fc4babfe9bc2ef0fc6ce0fd2e5b2e709c9eb50b3a79c7a265970bd6f89,Which ancient wonder is located at Giza in Egypt and still stands today?
5004-063,5004,Social Studies,World History and Economics,hard,single-select,human-reviewed,legacy-import,legacy-unknown,a56827ef683d7d2df9abcd7c95a3c3496907706886852570b19194e44e0c40d9,How did the Industrial Revolution change family structure?
5003-041,5003,Mathematics,Numbers and Operations,easy,single-select,human-reviewed,legacy-import,legacy-unknown,719326062c524c53021ffdd4b80e133ea3d2b950f30ff2cb2d6606182fbba2fb,What is 25% of 200?
5003-042,5003,Mathematics,Numbers and Operations,medium,single-select,human-reviewed,legacy-import,legacy-unknown,c1b8f357823aa98e7a04349e335dcca70136e222101d58270f5edb684d09445a,Why is the sum of two odd numbers always even?
5003-043,5003,Mathematics,Numbers and Operations,hard,single-select,human-reviewed,legacy-import,legacy-unknown,7b56e3148bc18d5c47ca84e5d411a29f498e0e883a7adc67706fbf57fab15928,A student adds fractions by adding numerators and denominators separately (1/3 + 1/4 = 2/7). Which i
5003-044,5003,Mathematics,Numbers and Operations,medium,single-select,human-reviewed,legacy-import,legacy-unknown,ba3995888184cffaf96d584febdc60fd17e771392ea4e527dcc1f486a44b5665,What is the LCM of 4 and 6?
5003-045,5003,Mathematics,Numbers and Operations,easy,single-select,human-reviewed,legacy-import,legacy-unknown,38a32b653c928af8773f907f520c680353ab66f11d1ebc9959a2c8d08212cb6f,Which number is not divisible by 9?
5003-046,5003,Mathematics,Numbers and Operations,hard,single-select,human-reviewed,legacy-import,legacy-unknown,245d77c86d9798443b80bd0c16f93abc5a22beb0d947e1cf9dff261c0e00d5f8,"For any two positive integers a and b, which relationship is true?"
5003-047,5003,Mathematics,Numbers and Operations,medium,single-select,human-reviewed,legacy-import,legacy-unknown,d9dad62569dd4581b82fb188529b8887edf2bf22f7f2aaf163a5904084b542cf,Which activity best helps students understand equivalent fractions?
5003-048,5003,Mathematics,Numbers and Operations,easy,single-select,human-reviewed,legacy-import,legacy-unknown,5165cecfc1c335856f064104070ed47ae04fe82c760f9088867234b23ac8b54e,What is the reciprocal of 3/4?
5003-049,5003,Mathematics,Numbers and Operations,medium,single-select,human-reviewed,legacy-import,legacy-unknown,0a186d70e6c412b03ad3634dfd03249cd9354a17972bbe4769b7a9886a4e9605,Which number is both a perfect square and a perfect cube?
5003-050,5003,Mathematics,Numbers and Operations,hard,single-select,human-reviewed,legacy-import,legacy-unknown,15f122658438e12ad0eb0748a5e4da7414d3bdb01d992a396d664d028b7e159d,"If a/b = c/d, which statement must be true?"
5003-051,5003,Mathematics,Algebraic Thinking,medium,single-select,human-reviewed,legacy-import,legacy-unknown,a024996cccb55d7b6883a2ac9bb65416c50c3efd2e7352a26f055d3ddd4158fa,Solve: 5x - 3 = 12
5003-052,5003,Mathematics,Algebraic Thinking,hard,single-select,human-reviewed,legacy-import,legacy-unknown,e684de1637bbe6be88d3e003cbc23e4d1a9f1ef5ba1f852a13b043026bfb6fd4,Which expression is equivalent to (x + 3)(x - 3)?
5003-053,5003,Mathematics,Algebraic Thinking,medium,single-select,human-reviewed,legacy-import,legacy-unknown,98f23de3d9b87f95a8260605dbe5ff8a7dcce64b0ac1413317d5ad3441104157,What is the slope of the line y = 3x + 2?
5003-054,5003,Mathematics,Algebraic Thinking,medium,single-select,human-reviewed,legacy-import,legacy-unknown,6fe30269da7a935d6c05e8077f5fca310a4703d904592226e3b913787354f3cd,Which graph represents an inverse variation?
5003-055,5003,Mathematics,Algebraic Thinking,hard,single-select,human-reviewed,legacy-import,legacy-unknown,afc72b1d2b4e96e2e934f27ebc2fb9918225f9e6714340d8f27b1e0d292d6f87,"Students write '2x = 10, so x = 5' but cannot explain why. What is the best follow-up?"
5003-056,5003,Mathematics,"Geometry and Measurement, Data, Statistics, and Probability",easy,single-select,human-reviewed,legacy-import,legacy-unknown,3da434c7ae9e4094d1c06970e00b20bde5dca61f7f11b76ab1a4ce3a10af4b4a,What is the perimeter of a square with side length 7 cm?
5003-057,5003,Mathematics,"Geometry and Measurement, Data, Statistics, and Probability",medium,single-select,human-reviewed,legacy-import,legacy-unknown,d850a337c8c2bce077ad8e2ee0ad17c4f83ce591c10af1071dbc7578c96a4282,"Two triangles are similar. If the ratio of their corresponding sides is 2:3, what is the ratio of th"
5003-058,5003,Mathematics,"Geometry and Measurement, Data, Statistics, and Probability",hard,single-select,human-reviewed,legacy-import,legacy-unknown,11cb7712b9588cc027c8f122cbd81eb6707826516d687cce8d8a01f69086a6c2,"Students measure the lengths of four ropes as 1.2 m, 95 cm, 1.05 m, and 110 cm. Which step best supp"
5003-059,5003,Mathematics,"Geometry and Measurement, Data, Statistics, and Probability",medium,single-select,human-reviewed,legacy-import,legacy-unknown,a540d0785b72f17c51627b70b4c98425c16dad201be7e2f2756536828cf1e2f0,"What is the mode of the data set: 3, 5, 5, 7, 9, 9, 9, 11?"
5003-060,5003,Mathematics,"Geometry and Measurement, Data, Statistics, and Probability",easy,single-select,human-reviewed,legacy-import,legacy-unknown,1bd5ab100c156f349bb3466b32d1458dd6f5a80ee4294b6f6b8fab748b16db36,What is the area of a triangle with base 10 cm and height 6 cm?
5004-064,5004,Social Studies,"United States History, Government, and Citizenship",medium,single-select,human-reviewed,legacy-import,legacy-unknown,259cf637e865eaba2ee1421cc2437996c1304f58a90ba54bb3f278b15bdd46c7,What is the filibuster?
5004-065,5004,Social Studies,"United States History, Government, and Citizenship",hard,single-select,human-reviewed,legacy-import,legacy-unknown,1d7a6b749d21582cfbd1bc43e86b7188c1de4233547cad8d729ac0a5e7fd5f35,Why was the 14th Amendment significant?
5004-066,5004,Social Studies,"United States History, Government, and Citizenship",medium,single-select,human-reviewed,legacy-import,legacy-unknown,0871340b4e7a8c09959763d5751cfd153586595e32b64abd5071079c69095a9f,Which approach best evaluates the reliability of a historical source?
5004-067,5004,Social Studies,"United States History, Government, and Citizenship",easy,single-select,human-reviewed,legacy-import,legacy-unknown,e9db8db067e1326e7478f91aca4001ef5c8141cc6f3321d81c3b1ebb81653632,What does the Constitution's Preamble begin with?
5004-068,5004,Social Studies,"United States History, Government, and Citizenship",hard,single-select,human-reviewed,legacy-import,legacy-unknown,feb0daf2fffdac96c45e2d9334d677079e34137810ca43c07de1a8207b929970,How does federalism affect citizens' rights?
5004-069,5004,Social Studies,"United States History, Government, and Citizenship",medium,single-select,human-reviewed,legacy-import,legacy-unknown,706ff22b7cdffa1ab0ff29fda3672c0838011c39b479626d515e639aecbe1c1f,Which approach best teaches students about the Constitution's adaptability?
5005-073,5005,Science,Earth Science,easy,single-select,human-reviewed,legacy-import,legacy-unknown,66574f182af7476b500274e257ce38da36ae381cb2907327c8e7530e7c43d249,What causes tides on Earth?
5005-074,5005,Science,Earth Science,medium,single-select,human-reviewed,legacy-import,legacy-unknown,bd471fad67a57d0c28835a2862e654cec27a104e0268954dc7742e327ff7b39c,How do continents move?
5005-075,5005,Science,Earth Science,hard,single-select,human-reviewed,legacy-import,legacy-unknown,fc2c517f447c727afb1443c3f3599eadc4ca381e042a3bfa6a8042823d4c6363,Students think all eclipses occur because the Moon blocks the Sun. Which explanation best corrects t
5005-076,5005,Science,Earth Science,medium,single-select,human-reviewed,legacy-import,legacy-unknown,d97fe875054f2ad7b627f11ee02419fafd7efa935584cedb5729263d9475e04e,What is the rock cycle?
5005-077,5005,Science,Earth Science,easy,single-select,human-reviewed,legacy-import,legacy-unknown,22232d7d8a3b1b9697c8babdbf6d3a058ac677c5919ddf1cb9575b4ad9b7750f,What is the most abundant gas in Earth's atmosphere?
5005-078,5005,Science,Earth Science,medium,single-select,human-reviewed,legacy-import,legacy-unknown,cbb0c7d3439fdf5311dbf3b48fff57d90b0149ea5b718b66b6c8a05833528ff2,Why do we have seasons?
5005-079,5005,Science,Earth Science,hard,single-select,human-reviewed,legacy-import,legacy-unknown,052c1cfc8d86364b2d1f4eb3b1e86f620a03576dfa8156ac496f9ac692e00fc7,Which investigation best helps students understand soil erosion?
5005-080,5005,Science,Earth Science,easy,single-select,human-reviewed,legacy-import,legacy-unknown,e6fc50de9fccafdabf7379a50242662c1f0a12eb96ce68d9fef733d360baca4e,What is the Mohs hardness of diamond?
5005-081,5005,Science,Life Science,easy,single-select,human-reviewed,legacy-import,legacy-unknown,1b750e147304535777325ffcf1ed3a797368c4eaa8e15796f0818c8bbc263f28,What is the function of the cell membrane?
5005-082,5005,Science,Life Science,medium,single-select,human-reviewed,legacy-import,legacy-unknown,6074d9ae85f5f80c3eac012f5fef7470084e4e11bf1cc1bbdbde91621a483344,Why do cells divide?
5005-083,5005,Science,Life Science,hard,single-select,human-reviewed,legacy-import,legacy-unknown,5a8c62b7377dbf74f87054273f63c218a2a2c030494de5ff4a9212f80b61d5dd,Students think that viruses are living organisms. Which evidence best helps them revise this?
5005-084,5005,Science,Life Science,medium,single-select,human-reviewed,legacy-import,legacy-unknown,9babd6d14a05d01d7bd0f60c09bc288b46b2cc3cd07d0c100bc50a09d46b8c63,What is the process by which plants convert sunlight into food?
5005-085,5005,Science,Life Science,easy,single-select,human-reviewed,legacy-import,legacy-unknown,c47d7982921477ab0c0beffa2bdd50acc66cb0bcbcb758f7b829f1a123e3cc40,Which organism is a producer?
5005-086,5005,Science,Life Science,hard,single-select,human-reviewed,legacy-import,legacy-unknown,0eab9cdb48270439958fdaf2cc97f5611f5dc4628238c65c1fa45168ce41e6fc,What is the significance of meiosis?
5005-087,5005,Science,Life Science,medium,single-select,human-reviewed,legacy-import,legacy-unknown,acb0439d510839422e6a4fe68d636b0f9eba731578d2ec86828e3bd2f196de3c,Which lab best demonstrates natural selection?
5005-088,5005,Science,Life Science,easy,single-select,human-reviewed,legacy-import,legacy-unknown,f20bc3b06a0bf90bd46b88b3befc8c2a3f49ccd40bda538035d122f64407e1d3,What is the basic unit of classification?
5005-089,5005,Science,Physical Science,easy,single-select,human-reviewed,legacy-import,legacy-unknown,5efd01446ec594c570be6258fbd807ad73d06a7ce2b8032fb2031beced93a931,What is the unit of electrical resistance?
5005-090,5005,Science,Physical Science,medium,single-select,human-reviewed,legacy-import,legacy-unknown,941f46407c303c3e8b26fbb94782310737ffc1777c40582d9741c9ca13583707,What happens to the frequency of a wave when its wavelength increases (assuming constant speed)?
5005-091,5005,Science,Physical Science,hard,single-select,human-reviewed,legacy-import,legacy-unknown,f54e42796079c87beb81e6a5f48ddb26f4c22a66bdaa300dccf2f94f3d8b90c8,Students think that heat and temperature are the same. Which distinction is most important?
5005-092,5005,Science,Physical Science,medium,single-select,human-reviewed,legacy-import,legacy-unknown,4b38d2862907de4927434e2ab4aea2ea86f465a21cc60d9e9ecd31790d5dbcb0,What is the chemical formula for table salt?
5005-093,5005,Science,Physical Science,easy,single-select,human-reviewed,legacy-import,legacy-unknown,ad0ab0b81bd10fb2a8bf848700be4bc300bba7b09be5a814763d5fafd5aefe9f,What type of energy is stored in food?
5005-094,5005,Science,Physical Science,hard,single-select,human-reviewed,legacy-import,legacy-unknown,5dc6f599d30d1410858489942a45e24eb90fd6552a870c53f8aa79e3a18df068,Why does a rocket accelerate upward when it ejects gas downward?
5005-095,5005,Science,Physical Science,medium,single-select,human-reviewed,legacy-import,legacy-unknown,8eb3a7c71794433d860826eb2a7ba3685c66e270efce67f8443988462ac30409,Which model best represents the atomic structure of an element?
5005-096,5005,Science,Physical Science,easy,single-select,human-reviewed,legacy-import,legacy-unknown,3917362b5096bb5ddffd4707eeeccdd6c3f90ae0aa80925bcdc19a491feb4ab6,What is the boiling point of water at sea level?
5004-070,5004,Social Studies,"Geography, Anthropology, and Sociology",easy,single-select,human-reviewed,legacy-import,legacy-unknown,2934d7466edce7e7e93c3cd10731553bd69612e044b52f179d672f8078874dac,What is the largest ocean?
5004-071,5004,Social Studies,"Geography, Anthropology, and Sociology",medium,single-select,human-reviewed,legacy-import,legacy-unknown,b112b6bd5a8860d36d1333dcba5719a84eabeec1be75827febc635b7900a85fa,What is the difference between migration and diffusion?
5004-072,5004,Social Studies,"Geography, Anthropology, and Sociology",hard,single-select,human-reviewed,legacy-import,legacy-unknown,647f2cbf93fda915ba2851a468c33dd154411e6bffbc9dca6118c277f12e9501,Which activity best teaches students about human-environment interaction?
5004-073,5004,Social Studies,"Geography, Anthropology, and Sociology",medium,single-select,human-reviewed,legacy-import,legacy-unknown,230b68e34a4d05bff080e22bd30a066cf72c612795a4bc8370cab8e34afd55a4,What is urbanization?
5004-074,5004,Social Studies,"Geography, Anthropology, and Sociology",easy,single-select,human-reviewed,legacy-import,legacy-unknown,bb15f2bd21838668edab436acf6286d74bbda3e5dd5779fc9a2d08513d6c46f9,Which continent has the most countries?
5004-075,5004,Social Studies,"Geography, Anthropology, and Sociology",medium,single-select,human-reviewed,legacy-import,legacy-unknown,c381e3eecb2901af56909cfab6cf12ae8a797fdab596f0fa6b13eb815a66cc5a,What is a 'culture hearth'?
5004-076,5004,Social Studies,"Geography, Anthropology, and Sociology",hard,single-select,human-reviewed,legacy-import,legacy-unknown,3730c7c100a2a14cdaba1efaaa1fd4dae1aeb2b96620825b565e45533a2eb2b5,Students think that all cultures progress through the same stages. Which response counters this?
5004-077,5004,Social Studies,"Geography, Anthropology, and Sociology",easy,single-select,human-reviewed,legacy-import,legacy-unknown,88b0ebc1c247d9ee16beedb27fb88678f3beca27f3a06da309f1ba48d9b038cb,What is the Equator?
5004-078,5004,Social Studies,World History and Economics,easy,single-select,human-reviewed,legacy-import,legacy-unknown,26979d902aba7a5368467c5b69fcb632ddadf69c755504b5160d49243cdbc894,Which empire was known for its code of laws under Hammurabi?
5004-079,5004,Social Studies,World History and Economics,medium,single-select,human-reviewed,legacy-import,legacy-unknown,6a15e82fb039b71787790578fd9193422df3453bb41293ea229d92f71c8545bd,What was the primary economic system of medieval Europe?
5004-080,5004,Social Studies,World History and Economics,hard,single-select,human-reviewed,legacy-import,legacy-unknown,ed1addc34eb51bca2dcaa105c04b5ce404e7f64180a30f9c0509e852f8f1950e,Which approach best helps students understand the impact of the Columbian Exchange?
5004-081,5004,Social Studies,World History and Economics,medium,single-select,human-reviewed,legacy-import,legacy-unknown,796e2bb32547512b199013d9b2ad178a410d83a01e4757a2d25b8430d9a32ec3,What caused the fall of the Roman Empire?
5004-082,5004,Social Studies,World History and Economics,easy,single-select,human-reviewed,legacy-import,legacy-unknown,fd542b5d89358edf40226cc15f75a1e790793a399f8047c003fc988a0613ac64,Which ancient civilization built Machu Picchu?
5004-083,5004,Social Studies,World History and Economics,medium,single-select,human-reviewed,legacy-import,legacy-unknown,60412747a6ca671e452df7cef29d350df461dc7f8d84b6a6542885b4e5583cd6,What is the significance of the Magna Carta?
5004-084,5004,Social Studies,World History and Economics,hard,single-select,human-reviewed,legacy-import,legacy-unknown,2cdedeab3103119a4532945269a3053bfe211a3fc7f0cfd9f1d6f7eeb8ac28fe,Students think that all civilizations follow the same developmental path. Which evidence challenges 
5004-085,5004,Social Studies,World History and Economics,easy,single-select,human-reviewed,legacy-import,legacy-unknown,de32459abc2a75a9bf936e9dd5662beb7ccd2e51a8ebe53cefd62fe97599935c,What is the main religion of India?
5005-097,5005,Science,Earth Science,easy,single-select,human-reviewed,legacy-import,legacy-unknown,2a9c412a1d6b7b3da4908c86bcde5fbdcff692a84dd556f5133dcbdd79ab37eb,What is the Earth's crust made of?
5005-098,5005,Science,Earth Science,medium,single-select,human-reviewed,legacy-import,legacy-unknown,8c6f26de76ddc434cd5e31779c686d0852e640416bffebff7d0b07f6de539ae4,How do fossils form?
5005-099,5005,Science,Earth Science,hard,single-select,human-reviewed,legacy-import,legacy-unknown,dba4d4456c7394cf1f67033d9cf052083f5ce5595bcc32dedbd565cb40fb9060,Students think that fossils prove species never change. How should a teacher respond?
5005-100,5005,Science,Earth Science,medium,single-select,human-reviewed,legacy-import,legacy-unknown,b8653cbb6107139e935a7cd37b2f78a77da4749fbfc7ad47c7759d2a6618a37c,What type of earthquake wave travels fastest?
5005-101,5005,Science,Earth Science,easy,single-select,human-reviewed,legacy-import,legacy-unknown,05c55278dac9d4dac13a2aa002ff96810db5ab3aac8f594656d72ab92d2af8a6,"What is the process by which rain, snow, or sleet falls to Earth?"
5005-102,5005,Science,Earth Science,medium,single-select,human-reviewed,legacy-import,legacy-unknown,a6fab84703ac4e2884501c933861f897d58e7881acc2fd631eb12912c41dfbc4,Why are sedimentary rocks important to scientists?
5005-103,5005,Science,Earth Science,hard,single-select,human-reviewed,legacy-import,legacy-unknown,0990dfbbc9fe9c83989ef8ece95b93066a29e6bbf54a91dd6d80cbb1843beff5,Which demonstration best shows how mountains form?
5005-104,5005,Science,Earth Science,easy,single-select,human-reviewed,legacy-import,legacy-unknown,432773163a22a51b390e38757a3e31ceac1c1124c09964a6e0b49020209e53cc,What is the theory of plate tectonics?
5002-086,5002,Reading and Language Arts,Reading,easy,single-select,human-reviewed,legacy-import,legacy-unknown,6c6e0559fa28e48a7495a61b07ae9c95efd7f6a683d920a792083f40f98f099c,"What is the rhyme scheme of a poem with lines ending in cat, hat, dog, log?"
5002-087,5002,Reading and Language Arts,Reading,medium,single-select,human-reviewed,legacy-import,legacy-unknown,d677628355f4b136c7b04263db262785344e9b7fc260575030d4b1bb18c4c1bc,What is the difference between connotation and denotation?
5002-088,5002,Reading and Language Arts,Reading,hard,single-select,human-reviewed,legacy-import,legacy-unknown,83e250120f1d6499cbf509da4fd81146be87c268802cca6364623f89bbd8cd83,A passage contrasts the narrator's childhood memories with present reality. What is the effect of th
5002-089,5002,Reading and Language Arts,Reading,medium,single-select,human-reviewed,legacy-import,legacy-unknown,9a40cbdd4c4d3cb39a9f8616019d6b8dfd3fad806a3f027d2e69191ff71def95,Which strategy best builds students' reading stamina?
5002-090,5002,Reading and Language Arts,Reading,easy,single-select,human-reviewed,legacy-import,legacy-unknown,580bfd42c01d138033a7beeacde1f88a7e811766d5601e8ebef5eb5dbd0c587c,What is an epigraph?
5002-091,5002,Reading and Language Arts,Reading,medium,single-select,human-reviewed,legacy-import,legacy-unknown,2f1a0a34245b30610f2ff17f642c2ec17e71e841e8040cc8b007577445d73fb4,Why might an author use an unreliable narrator?
5002-092,5002,Reading and Language Arts,Reading,hard,single-select,human-reviewed,legacy-import,legacy-unknown,004a9c332b6b41c677c1e9aa922c09226d7ff8e387e1e4d025f3910abdd5a17b,Students can decode but cannot summarize. Which approach helps?
5002-093,5002,Reading and Language Arts,Reading,medium,single-select,human-reviewed,legacy-import,legacy-unknown,c1c22ba696cad4b8f7b310064eae526be850ecd469057cb0449f1310b22b3acf,What is the function of foreshadowing?
5002-094,5002,Reading and Language Arts,Reading,easy,single-select,human-reviewed,legacy-import,legacy-unknown,34c93b22dbd4b53f5e768b0d7aeff45da1fa798742ab4f3bdfea1bb993f8c16b,Which sentence contains clear onomatopoeia?
5002-095,5002,Reading and Language Arts,Reading,hard,single-select,human-reviewed,legacy-import,legacy-unknown,bfaf22540671c4402b8b36886a6bbc16e6458ca54d30017b3acbf46357893ca9,A student reads a historical account that presents only one side of a conflict. What skill should th
5002-096,5002,Reading and Language Arts,Reading,medium,single-select,human-reviewed,legacy-import,legacy-unknown,60511ea61c6b1ed9a40704307c1e48df2c1c96fb82d9f17bc32872b878004c9d,Which technique helps students visualize text?
5002-097,5002,Reading and Language Arts,Reading,easy,single-select,human-reviewed,legacy-import,legacy-unknown,3f1bd3b49c49c7a514bb2c592906c031be26c061759dde3a3d4cbd3b32ae3718,What is a palindrome?
5002-098,5002,Reading and Language Arts,Reading,medium,single-select,human-reviewed,legacy-import,legacy-unknown,ece8ec942af0d5e0066d7285e419b68fea430bd6acae87d72b3086b7da654e6c,What is the effect of a non-linear narrative?
5002-099,5002,Reading and Language Arts,Reading,hard,single-select,human-reviewed,legacy-import,legacy-unknown,1c8df05755d1872296f3881d0a400b145b849e7d7b2d2757fc09b6727ec1e048,Students struggle with abstract concepts in literature. Which support is most effective?
5002-100,5002,Reading and Language Arts,Reading,medium,single-select,human-reviewed,legacy-import,legacy-unknown,b160166ff7a53d1218cb030ef4565b5ee569e171085e4c8b5cd00947f5b03763,What is a motif in literature?
5002-101,5002,Reading and Language Arts,"Writing, Speaking, and Listening",easy,single-select,human-reviewed,legacy-import,legacy-unknown,ec37b16d3553194fa83486fe7811250ebe5d6a35395c5666191743b9d83155a6,What is an adverb?
5002-102,5002,Reading and Language Arts,"Writing, Speaking, and Listening",medium,single-select,human-reviewed,legacy-import,legacy-unknown,6fbeb05b95785e7f49a58056df4afc63aa86dbfd76ba1e2ece84df5b007f01f5,Which sentence uses an idiom to mean that someone identified the exact issue?
5002-103,5002,Reading and Language Arts,"Writing, Speaking, and Listening",hard,single-select,human-reviewed,legacy-import,legacy-unknown,9d823fb4dc37ee25227d6771407f84bae172c0794210b6def57c46b79486e7c6,A student's writing lacks voice and sounds mechanical. Which feedback is most helpful?
5002-104,5002,Reading and Language Arts,"Writing, Speaking, and Listening",medium,single-select,human-reviewed,legacy-import,legacy-unknown,b1140243137d45e13720f7f4801cb37a1cef82c5fe8f86f707e962d277e68f4d,What is a run-on sentence?
5002-105,5002,Reading and Language Arts,"Writing, Speaking, and Listening",easy,single-select,human-reviewed,legacy-import,legacy-unknown,a8aabcc77e6610ab27f458559b75a6865670be62b1ff2e835aa85aee6e931aee,What does a comma splice fix require?
5002-106,5002,Reading and Language Arts,"Writing, Speaking, and Listening",hard,single-select,human-reviewed,legacy-import,legacy-unknown,190c1a8eef67b80e7bf9578575a448f69bc219632751f63d7c8e08115469703b,Which revision improves clarity without changing meaning: 'The utilization of the apparatus was perf
5002-107,5002,Reading and Language Arts,"Writing, Speaking, and Listening",medium,single-select,human-reviewed,legacy-import,legacy-unknown,7d1c2e75370be044af1173253048881a2dae0d8e3caad45f68c34f03ed99d9e5,Which strategy best teaches students to write effective introductions?
5002-108,5002,Reading and Language Arts,"Writing, Speaking, and Listening",easy,single-select,human-reviewed,legacy-import,legacy-unknown,0f9bce04d572704d6a356b631221f7f55bbd6d20a4d5e2de72129dc4c07dd0fc,What is a dangling participle?
5002-109,5002,Reading and Language Arts,"Writing, Speaking, and Listening",medium,single-select,human-reviewed,legacy-import,legacy-unknown,58b8239e13d2ebb3b73b3546ac1f54ec1a95a03bc5509c3463b018af95dd9ef8,Which sentence demonstrates correct use of the subjunctive?
5002-110,5002,Reading and Language Arts,"Writing, Speaking, and Listening",hard,single-select,human-reviewed,legacy-import,legacy-unknown,eed3cd9f2a651d7a4e09c608d35f40593bfc1d3fb356fc9c9496479683d6e56a,A student writes: 'Me and him went to the store.' How should a teacher respond?
5002-111,5002,Reading and Language Arts,"Writing, Speaking, and Listening",medium,single-select,human-reviewed,legacy-import,legacy-unknown,3f518aba64b9b19c0dcec5a87821fea8d5ecb3d771f33d073fcfd408e3bc9458,What is the purpose of an appendix?
5002-112,5002,Reading and Language Arts,"Writing, Speaking, and Listening",easy,single-select,human-reviewed,legacy-import,legacy-unknown,03d79c82d3200de9e7ab511b2c2134500d2f494f3a2ed6c52cd440c7ecc24c31,Which is a subordinating conjunction?
5002-113,5002,Reading and Language Arts,"Writing, Speaking, and Listening",medium,single-select,human-reviewed,legacy-import,legacy-unknown,40ed018cfd382aafbcab0be1adb445571b7d090c76391d4e75df50f600f6dcbe,Why is revision different from editing?
5002-114,5002,Reading and Language Arts,"Writing, Speaking, and Listening",hard,single-select,human-reviewed,legacy-import,legacy-unknown,4b5d1f09f9a84269eb252cf6e81f6d61182de8017d8019c540d566419969b1ec,Students use vague language like 'stuff' and 'things.' Which intervention helps?
5002-115,5002,Reading and Language Arts,"Writing, Speaking, and Listening",medium,single-select,human-reviewed,legacy-import,legacy-unknown,00c038dd2b1b35a196bac238fcc76c8567ff7c5639c56b26f8a4e44f1f535e0e,What is a transition word?
5004-086,5004,Social Studies,"United States History, Government, and Citizenship",easy,single-select,human-reviewed,legacy-import,legacy-unknown,b8536c3ac07fca8acc4165250b7c9c8050e36b6f35d937966ce0e10ffbfc4498,What are the first three words of the Constitution?
5004-087,5004,Social Studies,"United States History, Government, and Citizenship",medium,single-select,human-reviewed,legacy-import,legacy-unknown,4a1826a84a124a9448fe6955ffb3b4dd9aa14aa455ff41ea54f591af36c72e07,What is the purpose of impeachment?
5004-088,5004,Social Studies,"United States History, Government, and Citizenship",hard,single-select,human-reviewed,legacy-import,legacy-unknown,a6c65a8af13dfc58baab3e593eb2469a23442635d044034d79bfbeeed67f25ee,Why was the Bill of Rights added to the Constitution?
5004-089,5004,Social Studies,"United States History, Government, and Citizenship",medium,single-select,human-reviewed,legacy-import,legacy-unknown,d2ef8584628cb260ad389a50e0972e83c22b7056cff7a7a0642aa4d5930753fd,Which activity best teaches students about civic participation?
5004-090,5004,Social Studies,"United States History, Government, and Citizenship",easy,single-select,human-reviewed,legacy-import,legacy-unknown,8523c1dfcece91aceccf65ea49dd79b5a5a832b9f2948273335787009250b9cb,How long does a Supreme Court justice serve?
5004-091,5004,Social Studies,"United States History, Government, and Citizenship",medium,single-select,human-reviewed,legacy-import,legacy-unknown,7733bd249cad9339d7f71ca64f3c293a7e1fecaddeb53014f63ec7fbc0fc2dad,What is the significance of Marbury v. Madison?
5004-092,5004,Social Studies,"United States History, Government, and Citizenship",hard,single-select,human-reviewed,legacy-import,legacy-unknown,1c6799ad342b7c35742a512b07966dba43db1c2cf901c16ee3046c0378994d9a,Students think the Constitution is set in stone and cannot change. How should a teacher respond?
5004-093,5004,Social Studies,"United States History, Government, and Citizenship",medium,single-select,human-reviewed,legacy-import,legacy-unknown,b0390ce4839644dccfc63f485ee1bca692f6f43685af707b641d45faffc0b29b,What is the role of the House of Representatives?
5004-094,5004,Social Studies,"United States History, Government, and Citizenship",easy,single-select,human-reviewed,legacy-import,legacy-unknown,510435830f9159c7da9e4461d5793621291a01c6602d68d959739ce33610fb8c,What is a veto?
5004-095,5004,Social Studies,"United States History, Government, and Citizenship",hard,single-select,human-reviewed,legacy-import,legacy-unknown,26bd64b94ba966f78fa6f7cb8a6fe097256ac0175d27628f103155c6bab916f0,How does the Electoral College work?
5005-105,5005,Science,Life Science,easy,single-select,human-reviewed,legacy-import,legacy-unknown,90e940dd9dcf3612cc684003d63a2a18ce6863ac365f3b803f9c651a006d71fb,What is the function of the nucleus?
5005-106,5005,Science,Life Science,medium,single-select,human-reviewed,legacy-import,legacy-unknown,f9de5f65a40db14ac293c0194cc8f8f5975ea01d46748700034bb704124bed7d,Why are wetlands important ecosystems?
5005-107,5005,Science,Life Science,hard,single-select,human-reviewed,legacy-import,legacy-unknown,5004a6c29a3219316e8c67c6e99749567e634cc2130fd14436a1bea50a6b1217,Students think that organisms evolve to meet their needs. Which explanation corrects this?
5005-108,5005,Science,Life Science,medium,single-select,human-reviewed,legacy-import,legacy-unknown,409c79040173e2689da6ce0f86e9af6c83014a30927cbaffa07cbd10e923aed4,What is the role of decomposers?
5005-109,5005,Science,Life Science,easy,single-select,human-reviewed,legacy-import,legacy-unknown,abc9c63bb07b46dc90900b97de8cb3d68f015706fca9323ac1aeecc336c5e959,What is a habitat?
5005-110,5005,Science,Life Science,hard,single-select,human-reviewed,legacy-import,legacy-unknown,2ddbdf6df669d848a3479468824d7913299a37184c8f3026f99b808f3c082743,Why do islands have unique species?
5005-111,5005,Science,Life Science,medium,single-select,human-reviewed,legacy-import,legacy-unknown,346f7f113d41d9cd77bf0e4cb23597f156b4c3d77238351eca3c639f7685cea1,Which demonstration best shows carrying capacity?
5005-112,5005,Science,Life Science,easy,single-select,human-reviewed,legacy-import,legacy-unknown,b2ec0eb709d97c858c75dacb152d298e21feb5b3b76cd4d4b92e629cdd2b8298,What is symbiosis?
5005-113,5005,Science,Life Science,medium,single-select,human-reviewed,legacy-import,legacy-unknown,327ff6a1a5a595ba9e93f13274697c3c571d4bdf2d6b4d1f24847ff0c734c652,What is the difference between aerobic and anaerobic respiration?
5005-114,5005,Science,Life Science,hard,single-select,human-reviewed,legacy-import,legacy-unknown,483e53f41360adf5312856d38f791e1d47f14a2b68730c1d5b3ca30083363037,Students confuse mitosis and meiosis. Which comparison helps most?
5005-115,5005,Science,Physical Science,easy,single-select,human-reviewed,legacy-import,legacy-unknown,6f71b536c5666927bfa1503d26000970e39fa34ac7217d51cf52b96155c49c77,What is the unit of power?
5005-116,5005,Science,Physical Science,medium,single-select,human-reviewed,legacy-import,legacy-unknown,006b27b767588a4b3f9147102a3c95f23b21351f7ccd90b70d2fa73f2813049a,Why does a balloon stick to a wall after rubbing on hair?
5005-117,5005,Science,Physical Science,hard,single-select,human-reviewed,legacy-import,legacy-unknown,c7deae0f94a4fb9a36d54e08edafa34967e1c3fb3f46010773855feec9aebe87,Students think that energy can be created. Which principle corrects this?
5005-118,5005,Science,Physical Science,medium,single-select,human-reviewed,legacy-import,legacy-unknown,5a6128528c1435eb9378a30ef1d5f2050bfb783681a6fc50c58ebef34ddfa13e,What is an element?
5005-119,5005,Science,Physical Science,easy,single-select,human-reviewed,legacy-import,legacy-unknown,5d82cc78d3a1237bbfa3c77d054ebb58d3b5266846cec1d883a9cff932912077,What is the chemical symbol for oxygen?
5005-120,5005,Science,Physical Science,medium,single-select,human-reviewed,legacy-import,legacy-unknown,fdfc46a6cb8a4c30e78e885cde0e0709d1b30aad2d40ac7554bc52cb77755d24,How does pressure change with depth in water?
5005-121,5005,Science,Physical Science,hard,single-select,human-reviewed,legacy-import,legacy-unknown,14f0752b05b2a6e684372f116fadab52d42dbef54a1a027222689d08e8a180dc,Which experiment best demonstrates conductivity?
5005-122,5005,Science,Physical Science,medium,single-select,human-reviewed,legacy-import,legacy-unknown,48002bc8d6711cb63e908c0bae3554e5891ef4df01a59b91a98caf4cf76d1130,What is the pH of pure water?
5005-123,5005,Science,Physical Science,easy,single-select,human-reviewed,legacy-import,legacy-unknown,87d7e5da3fedc15e2bbaedbd871e329311f200da465f68d67046251bec69cd71,What is an atom's nucleus made of?
5005-124,5005,Science,Physical Science,hard,single-select,human-reviewed,legacy-import,legacy-unknown,3fdf3c22ff4c9a8eebeeab4c2d338fa988892032f6a2fd8d38be57035efc216d,Why do mirrors reflect light but windows transmit it?
5004-096,5004,Social Studies,World History and Economics,easy,single-select,human-reviewed,legacy-import,legacy-unknown,f746f2deabda5bfce93eece809fe89c78492154417252c568ff242712aad2e49,Which ancient Greek philosopher is known as the 'father of history'?
5004-097,5004,Social Studies,World History and Economics,medium,single-select,human-reviewed,legacy-import,legacy-unknown,97413bb5a4fd2d2c45e8f608e74d33741152a9e035db8b6e79be50bb729dfada,What was the main economic effect of the Agricultural Revolution?
5004-098,5004,Social Studies,World History and Economics,hard,single-select,human-reviewed,legacy-import,legacy-unknown,38dcc95281342071ed72d47faa41650795166c2cd0e9fc351f3d76f11f96273d,Which approach best teaches students about global interdependence?
5004-099,5004,Social Studies,World History and Economics,medium,single-select,human-reviewed,legacy-import,legacy-unknown,514da7300a4d8ae6490d336ea7a1a5c414703e106dbb0043931b25828f8433ee,What is mercantilism?
5004-100,5004,Social Studies,World History and Economics,easy,single-select,human-reviewed,legacy-import,legacy-unknown,d3c18e561cb796cd3544934a04ddadd82e9b536e18897379895ab2a2dbf0cab9,Which civilization developed democracy first?
5004-101,5004,Social Studies,World History and Economics,medium,single-select,human-reviewed,legacy-import,legacy-unknown,0c708a10ed9cb738249840e99bf04db6e5d55b8c2ee07747066f87450af39185,What caused the Black Death to spread rapidly?
5004-102,5004,Social Studies,World History and Economics,hard,single-select,human-reviewed,legacy-import,legacy-unknown,a474e716ab8547b655f5d03dc8238b097e4060dd055e774142063fa20a2c137d,Students think history is just dates and names. How should a teacher respond?
5004-103,5004,Social Studies,World History and Economics,medium,single-select,human-reviewed,legacy-import,legacy-unknown,e4237f4f07034f23406bd20e5f1dd9179f2318ca4d76b53a24e482ee3ff63c90,Which innovation supplied mechanical power to many early factories and later transformed rail and st
5004-104,5004,Social Studies,World History and Economics,easy,single-select,human-reviewed,legacy-import,legacy-unknown,5b8b52236e9f31472ad85a4bb2ff3c7a24e4ad948d66eb3e26f1131b1e1c71da,Which empire built the Colosseum?
5004-105,5004,Social Studies,World History and Economics,hard,single-select,human-reviewed,legacy-import,legacy-unknown,94183c1d6bed284bcae78699273c10a773a5d2cbd974498d9b97b0b1bb628ed3,How did the Renaissance change European thought?
5002-116,5002,Reading and Language Arts,Reading,easy,single-select,human-reviewed,legacy-import,legacy-unknown,e31fad4a1923c92fbd01749e79ca41ea395776837d039fb7333d7ad6f98b03c5,What is the purpose of a table of contents?
5002-117,5002,Reading and Language Arts,Reading,medium,single-select,human-reviewed,legacy-import,legacy-unknown,9b2f991c2b5612302d4c3d069e3747921a44470e9beb6727d5ee633524d6651e,Why might an author use first-person narration?
5002-118,5002,Reading and Language Arts,Reading,hard,single-select,human-reviewed,legacy-import,legacy-unknown,6c5efc9b4c5e3694976ef09b8f7bf47f113ed9f462840c3c16f7df19abe36454,Students read but cannot recall what they read. Which strategy helps?
5002-119,5002,Reading and Language Arts,Reading,medium,single-select,human-reviewed,legacy-import,legacy-unknown,a58a74be092cf319fa8f38806ad5cc3617a4b5addff7ff5328ad5b5a7c17aa0c,What is a literary theme?
5002-120,5002,Reading and Language Arts,Reading,easy,single-select,human-reviewed,legacy-import,legacy-unknown,585ba46df6a87b4ba75b4791fca24326d297e49f837bd80a8db652c062fd310f,Which is an example of a reliable source?
5002-121,5002,Reading and Language Arts,Reading,medium,single-select,human-reviewed,legacy-import,legacy-unknown,a39484db8b879835c41edd89c133e8620d09043343da8b3b9e5a6a9b92a0fb98,What is the effect of using sensory details in writing?
5002-122,5002,Reading and Language Arts,Reading,hard,single-select,human-reviewed,legacy-import,legacy-unknown,47c21e12593cb28e132d0c31c464819e14d4d75c4d8b3b79b94aba154613dd07,Which approach best develops critical reading skills?
5002-123,5002,Reading and Language Arts,Reading,medium,single-select,human-reviewed,legacy-import,legacy-unknown,2a421f98306a97d2c852574eb9aa4c0325fc26cca3bc90e0d298b4ca6d0ad080,What is an allegory?
5002-124,5002,Reading and Language Arts,Reading,easy,single-select,human-reviewed,legacy-import,legacy-unknown,b153707ed930507eb42beab6f0f2d81ecb4d267a150acda844ad7f0d60170171,What is the glossary used for?
5002-125,5002,Reading and Language Arts,Reading,hard,single-select,human-reviewed,legacy-import,legacy-unknown,e0fe702af9ea38148e3e6a7b4f144a1e3ff19ba540135b3ae843630db5d33d45,Why is context important for understanding word meaning?
5003-061,5003,Mathematics,Numbers and Operations,easy,single-select,human-reviewed,legacy-import,legacy-unknown,87d61e89d75a06f1da3b5c9d1a80170280cb68b1c5d27747c4250927155d6e41,What is 3/4 expressed as a decimal?
5003-062,5003,Mathematics,Numbers and Operations,medium,single-select,human-reviewed,legacy-import,legacy-unknown,92e9d45bb892234e4ef6da3ba50814b60e30a61129601e9d0c9b50ecb10a059b,Why can you not divide by zero?
5003-063,5003,Mathematics,Numbers and Operations,hard,single-select,human-reviewed,legacy-import,legacy-unknown,1e08663dadee6ae2717329ef62ae2c02753fdec0bf1c9a88e2b5b1bc8c496e81,A student says 0.3 is the same as 0.30. Is this correct?
5003-064,5003,Mathematics,Numbers and Operations,medium,single-select,human-reviewed,legacy-import,legacy-unknown,09cf9bae53f9cbebb97ad63c311e5cc5c7f2b06c0376f316678bb2c4f24cb024,Which number is irrational?
5003-065,5003,Mathematics,Numbers and Operations,easy,single-select,human-reviewed,legacy-import,legacy-unknown,49ef486267b93545df9266ddd5e432806b7eb6d538eada3602956d5499dc103c,What is the absolute value of -7?
5003-066,5003,Mathematics,Numbers and Operations,medium,single-select,human-reviewed,legacy-import,legacy-unknown,f4828743718d350583d981d160d112b628aa5505403f622d4266b32ae12ea07e,"If a/b = c/d, then ad = bc. This property is called:"
5003-067,5003,Mathematics,Numbers and Operations,hard,single-select,human-reviewed,legacy-import,legacy-unknown,ba261d4cfc40010341965b8841f668989b8cc7770fc1e58ccf6b8b1dd5361f22,Students think that multiplying always makes numbers bigger. How to correct?
5003-068,5003,Mathematics,Numbers and Operations,medium,single-select,human-reviewed,legacy-import,legacy-unknown,4e0f585403a3f91e1c5c20e461b21bde159212e7d0d8a3272acf02fedf523c93,What is the square root of 144?
5003-069,5003,Mathematics,Numbers and Operations,easy,single-select,human-reviewed,legacy-import,legacy-unknown,177371a69177f35f59bd4a55d174782a5eb765ffd9c70517c2ad9d587dbbd7da,Which number is not a factor of 24?
5003-070,5003,Mathematics,Numbers and Operations,hard,single-select,human-reviewed,legacy-import,legacy-unknown,cad86bc6dc294a07761cd37899ed52b1779337a6812c1811adbb654e16f772d2,Why is the sum of two even numbers always even?
5004-106,5004,Social Studies,"Geography, Anthropology, and Sociology",easy,single-select,human-reviewed,legacy-import,legacy-unknown,3fa8a015657c32c7ec7a1cef07ca53e79ee6c0ded8c9146def019e442c446c42,What is the largest desert in the world?
5004-107,5004,Social Studies,"Geography, Anthropology, and Sociology",medium,single-select,human-reviewed,legacy-import,legacy-unknown,b9b8ed5fdbb18b10bed2cad8690378087a2ecc14fd8a2b5e40baef5112eec5cd,What is the difference between population density and population distribution?
5004-108,5004,Social Studies,"Geography, Anthropology, and Sociology",hard,single-select,human-reviewed,legacy-import,legacy-unknown,7da2371ab49d9c7ed664e62fab09fc832e72c3a17236a803baf71014b9fa92de,Which activity best teaches cultural relativism?
5004-109,5004,Social Studies,"Geography, Anthropology, and Sociology",medium,single-select,human-reviewed,legacy-import,legacy-unknown,71df0b1ce36db73673e0f6f37e15b71218541159fef3ebc1b9132ef4fd31eb8e,What causes a monsoon?
5004-110,5004,Social Studies,"Geography, Anthropology, and Sociology",easy,single-select,human-reviewed,legacy-import,legacy-unknown,bbbae7be955ec09384bdc35c81629f4cb978997fe029041b62b79385eb00d261,Which river carries the greatest average volume of water to the ocean?
5004-111,5004,Social Studies,"Geography, Anthropology, and Sociology",medium,single-select,human-reviewed,legacy-import,legacy-unknown,87edf40d09ee4ef329b27b61d964b467a28297d0ee25cbbf9f593f66e792e0cc,What is urban sprawl?
5004-112,5004,Social Studies,"Geography, Anthropology, and Sociology",hard,single-select,human-reviewed,legacy-import,legacy-unknown,fcf849e2abfc2a0fe3ef3cd892acc1917c2030aa88af69600df00b39ebce8963,Students think that 'third world' means 'less developed' in a negative way. How should a teacher add
5004-113,5004,Social Studies,"Geography, Anthropology, and Sociology",medium,single-select,human-reviewed,legacy-import,legacy-unknown,9af99fcc3610bdc7a2d7b4dd8b96f5d3c094cc950802936cb62c4024be9675f8,What is a time zone?
5004-114,5004,Social Studies,"Geography, Anthropology, and Sociology",easy,single-select,human-reviewed,legacy-import,legacy-unknown,06707a210f6af5917ae709d48982c83dbfdfd9455f8461cd7f0b769852a480f3,Which continent is the smallest by land area?
5004-115,5004,Social Studies,"Geography, Anthropology, and Sociology",hard,single-select,human-reviewed,legacy-import,legacy-unknown,6eed6beb13578a4539d1617639fa4624c2aca71099e3f583d075ddd3448be68a,What is the 'demographic transition model'?
5005-125,5005,Science,Earth Science,easy,single-select,human-reviewed,legacy-import,legacy-unknown,c1b98424ebabe83527a3a4b1cce27ea388e1df85a3a0a7bfef6f9d97b7c026ed,What is the outer layer of the Earth called?
5005-126,5005,Science,Earth Science,medium,single-select,human-reviewed,legacy-import,legacy-unknown,18aa5178b0247bbf4903d4043b2542fb9e375ac8fbb36854893aef526edaded0,Why do continents fit together like puzzle pieces?
5005-127,5005,Science,Earth Science,hard,single-select,human-reviewed,legacy-import,legacy-unknown,1e0a38803fcf47033a2ce353c579ea33090cfaec9d66646af2656a2a4423f60e,Students think that erosion and deposition are the same. How to distinguish?
5005-128,5005,Science,Earth Science,medium,single-select,human-reviewed,legacy-import,legacy-unknown,d124023e7292cad597010b5b4cc6480838b9196d261a2ad7b445b77c7529bc4e,"Which cloud type is most directly associated with thunderstorms, lightning, and heavy precipitation?"
5005-129,5005,Science,Earth Science,easy,single-select,human-reviewed,legacy-import,legacy-unknown,bd9f9351c1a7bafeb3e3646c8ec7ca3ca52ce8a4ddf49b9cd4a4613feb22bb98,What is the Coriolis effect?
5005-130,5005,Science,Earth Science,medium,single-select,human-reviewed,legacy-import,legacy-unknown,a75e8259f7485cc28a64d67baba1ba214fb6db6c9eceb4c3e40d18251f58b2f0,How does the water cycle relate to weather?
5005-131,5005,Science,Earth Science,hard,single-select,human-reviewed,legacy-import,legacy-unknown,9e5e03c53b776739d19fcc0534c3a22d3ea2214a08a360105dd96e8834fd338a,Which classroom model best represents glacier flow while acknowledging the model’s limitations?
5005-132,5005,Science,Earth Science,medium,single-select,human-reviewed,legacy-import,legacy-unknown,0f07f792c7453fa7d715703e41bcadfaaa659cb9beeca4af27a2f9992b144125,What is the Rock Cycle's main principle?
5005-133,5005,Science,Earth Science,easy,single-select,human-reviewed,legacy-import,legacy-unknown,2c202e1a206eb2c74d73bcde303037976c19ae0ab0e9a097d2be3d0b8c4a4ef2,What causes wind?
5005-134,5005,Science,Earth Science,hard,single-select,human-reviewed,legacy-import,legacy-unknown,8a22bfb45b63ca5e499a5e4d58955fd3124f55abedfca7824d7197963f97c782,Why are fossils found in mountain rock layers?
5004-116,5004,Social Studies,World History and Economics,easy,single-select,human-reviewed,legacy-import,legacy-unknown,177fcf560cd4028f6fd8746399c9a2db0229845ca9f0e3f3f5dc9ec562a21159,Which civilization built the Great Wall?
5004-117,5004,Social Studies,World History and Economics,medium,single-select,human-reviewed,legacy-import,legacy-unknown,5dcfc9e18bae38deb8606d26c6cd784c9d4af859f558617533c6da297f3b7d93,What was the main economic motivation for European exploration?
5004-118,5004,Social Studies,World History and Economics,hard,single-select,human-reviewed,legacy-import,legacy-unknown,2a0d327147d0d59c2ad7f73782798b4d49ac177a0a603b52f25174e347e8ead0,Students think that ancient civilizations were 'primitive.' How should a teacher respond?
5004-119,5004,Social Studies,World History and Economics,medium,single-select,human-reviewed,legacy-import,legacy-unknown,335b32d1d39612d36d9d5736b2dc5b6b42be8894aa3651dbd211ab38d132c83c,What is capitalism?
5004-120,5004,Social Studies,"United States History, Government, and Citizenship",easy,single-select,human-reviewed,legacy-import,legacy-unknown,9b39e559cdc188eecf3b8c884d1fe2ae0fafc330c10580285fda122bc0f48c1c,Which war was fought between North and South in the United States?
5004-121,5004,Social Studies,World History and Economics,medium,single-select,human-reviewed,legacy-import,legacy-unknown,0d1e0a65aed916606f0b4be24902f7f0b410e484a4f584479633b92eaf1273ae,What was the significance of the Magna Carta?
5004-122,5004,Social Studies,World History and Economics,hard,single-select,human-reviewed,legacy-import,legacy-unknown,8a3b813e507aa1ca02bf2cabc6fa21d3f0ee56380de1914f2aaef9a935c650b4,Which strategy best helps students understand cause and effect in history?
5004-123,5004,Social Studies,World History and Economics,medium,single-select,human-reviewed,legacy-import,legacy-unknown,9e77ee326aa18d7a58c8acae4addda8a37ad94fbd8b6ebed774eaf78b73a5442,What is the Cold War?
5004-124,5004,Social Studies,World History and Economics,easy,single-select,human-reviewed,legacy-import,legacy-unknown,4120e27acc9a7bad9730245a1a659f44cc7749af8f73fae7027c2ecd225e7467,Who was the first Emperor of Rome?
5004-125,5004,Social Studies,World History and Economics,hard,single-select,human-reviewed,legacy-import,legacy-unknown,003b002246fe8f08a8cbeff8a456fa4dc15db4d250a4ef94eaffb0190d78b436,Why did the Byzantine Empire fall?
5005-135,5005,Science,Life Science,easy,single-select,human-reviewed,legacy-import,legacy-unknown,f9529b7682d30d08c4a56f046cddfcf56bca54a2537b7e6537d1e16087a88e2a,What is evolution?
5005-136,5005,Science,Life Science,medium,single-select,human-reviewed,legacy-import,legacy-unknown,f2ec87b88d36f76b367fdeb533991adda071526ffa0487eed01315f897e2f8ea,Why are keystone species important?
5005-137,5005,Science,Life Science,hard,single-select,human-reviewed,legacy-import,legacy-unknown,bde4484e497879d657791ad958d5609be709d2f24d3907defc22ae3e0417d5ad,Students think that evolution is 'just a theory.' How should a teacher clarify?
5005-138,5005,Science,Life Science,medium,single-select,human-reviewed,legacy-import,legacy-unknown,f3dd09edb54e924488f342996b6b142e87a6ac6040600f1a6bea6d0d9252fcfb,What is a biosphere?
5005-139,5005,Science,Life Science,easy,single-select,human-reviewed,legacy-import,legacy-unknown,1bccb89ae8a4b74b6b810d82406e27f5b7e6c47cfdad63a2291ec0543bf14aa9,What is genetic diversity?
5005-140,5005,Science,Life Science,hard,single-select,human-reviewed,legacy-import,legacy-unknown,78b16b4d80abd68cfbf20a09706c2efc429637bff0f8746ac98aefccdd669e41,What is coevolution?
5005-141,5005,Science,Life Science,easy,single-select,human-reviewed,legacy-import,legacy-unknown,3f661f50d1d2c9f09531c05e421b79e0a3571b41d14369bc0e0d9ed1f937db67,What is an ecosystem?
5005-142,5005,Science,Life Science,medium,single-select,human-reviewed,legacy-import,legacy-unknown,71fc0477cbfac378e901f2bd1d8ca3440003956a2d9d57a6f9eb990cede98e2d,What is carrying capacity?
5005-143,5005,Science,Life Science,hard,single-select,human-reviewed,legacy-import,legacy-unknown,25a81b492d024ce8f6fbf9a634959f6c01f9067302d05b01aaea4b3e4493e14e,Students think that organisms become 'better' over time. How to correct?
5005-144,5005,Science,Physical Science,easy,single-select,human-reviewed,legacy-import,legacy-unknown,a797ec1953f9e10ffa2951c7279dea91fe2cd0e27dda0c1fa6cf4ab1a5d6d0ad,What is Newton's first law?
5005-145,5005,Science,Physical Science,medium,single-select,human-reviewed,legacy-import,legacy-unknown,a0f8941bca68775d6cb0ccdd8ffe9e6a11dad665bcd87bdcc4d066edfedfb211,Why does a object weigh less on the Moon?
5005-146,5005,Science,Physical Science,hard,single-select,human-reviewed,legacy-import,legacy-unknown,3580aeb78a92b8b2b7807a13505c32960782d4ef4a39c99b1af88a809f1f32d3,Students think that heavier objects fall faster. Which demonstration corrects this?
5005-147,5005,Science,Physical Science,medium,single-select,human-reviewed,legacy-import,legacy-unknown,e9ecdffbc63a37bf6bd3a300d4ae72add7741056b9fd049f668a458af8a11d6e,What is the speed of sound in air approximately?
5005-148,5005,Science,Physical Science,easy,single-select,human-reviewed,legacy-import,legacy-unknown,c89062d4fa49e5242e82a251aa3fc041218907addbf255543bfc1aa901fa4dd1,What is an element on the periodic table?
5005-149,5005,Science,Physical Science,medium,single-select,human-reviewed,legacy-import,legacy-unknown,10ca99b24cf59eea457041d18d0bd1efb5e1315b32931ce9714fc95808ebe7af,What happens to voltage in a series circuit with multiple resistors?
5005-150,5005,Science,Physical Science,hard,single-select,human-reviewed,legacy-import,legacy-unknown,007f2f42c32daede2cfe3f6cbbffb1f95dbd567affb537257de4a315547b6835,Which model best represents electrical current?
5005-151,5005,Science,Physical Science,medium,single-select,human-reviewed,legacy-import,legacy-unknown,018d4dbcf2e42feb3a9479aa07fc79625f154e4e83dfea760c9a89c729f61594,What is the unit of frequency?
5005-152,5005,Science,Physical Science,easy,single-select,human-reviewed,legacy-import,legacy-unknown,54d8db875a5453f2148a78034c7b8a0becb81c9b8993f553d007ed6eb0de9ee6,What is the chemical symbol for iron?
5005-153,5005,Science,Physical Science,hard,single-select,human-reviewed,legacy-import,legacy-unknown,47b20055a7345bfec5369d2faaf96b87800de4a7e5bfbacf01f3f709aae15947,Why does a lens focus light?
5004-126,5004,Social Studies,"United States History, Government, and Citizenship",easy,single-select,human-reviewed,legacy-import,legacy-unknown,92fe0490f7eded0850efd0dc3061bbde85691c5c9191feec90ce41945c42f923,What is the Bill of Rights?
5004-127,5004,Social Studies,"United States History, Government, and Citizenship",medium,single-select,human-reviewed,legacy-import,legacy-unknown,2ace31523ac66cc110622f17e161e2ab27df8760349e21d4d06f6b6bff33f486,What is the significance of Brown v. Board of Education?
5004-128,5004,Social Studies,"United States History, Government, and Citizenship",hard,single-select,human-reviewed,legacy-import,legacy-unknown,e0b700ad491d5b759f2d796cbdc30871c27c2514ac43d892ea8fac57a65adcda,Students think that the Constitution is only for adults. How to address?
5004-129,5004,Social Studies,"United States History, Government, and Citizenship",medium,single-select,human-reviewed,legacy-import,legacy-unknown,fbafa4b77273b3845c6e8a30d4e8eac720b7caf6d5b3947bd1049becfe739559,What is the Electoral College?
5004-130,5004,Social Studies,"United States History, Government, and Citizenship",easy,single-select,human-reviewed,legacy-import,legacy-unknown,dc0b12c01fd4d637f633b06b4449da2714d9ba845cf845ee5ef672fc29d2aa79,How many branches does the US government have?
5004-131,5004,Social Studies,"United States History, Government, and Citizenship",medium,single-select,human-reviewed,legacy-import,legacy-unknown,6077e675b291522f9430369c6bfdaf4d5ca9b099fdd7f11748863cc1660f4ddc,What is judicial review?
5004-132,5004,Social Studies,"United States History, Government, and Citizenship",hard,single-select,human-reviewed,legacy-import,legacy-unknown,0b19ae827baf4480e8c6f217e030c81313e916ec3e379985b28f307d1e4e328d,Which activity best teaches students about civil disobedience?
5004-133,5004,Social Studies,"United States History, Government, and Citizenship",medium,single-select,human-reviewed,legacy-import,legacy-unknown,f1bc1f99fae118b8e20c8265626dbe4e650d671d4940fda74bf189f5efb23aa3,What is the role of the Supreme Court?
5004-134,5004,Social Studies,"United States History, Government, and Citizenship",easy,single-select,human-reviewed,legacy-import,legacy-unknown,95b46f4740fc0133203fe2ee639882eae5bdb92d73d2203c2a4540fb562c851f,What is a Amendment?
5004-135,5004,Social Studies,"United States History, Government, and Citizenship",hard,single-select,human-reviewed,legacy-import,legacy-unknown,9a5f429764352a8cb414deeb4365c3cab54e56bdea6c126beccd739ad3daa6c8,Why is the Commerce Clause important?
5002-126,5002,Reading and Language Arts,Reading,easy,single-select,human-reviewed,legacy-import,legacy-unknown,7f0d89249914e861158ce25965553372dcae15c8b7efda84ad1f031fcf730e71,What is the purpose of footnotes?
5002-127,5002,Reading and Language Arts,Reading,medium,single-select,human-reviewed,legacy-import,legacy-unknown,8d92ac63811713c4ff795869bcebf782eb99b4ba2a9948ad7db2546f3b61af01,Why might an author use stream of consciousness?
5002-128,5002,Reading and Language Arts,Reading,hard,single-select,human-reviewed,legacy-import,legacy-unknown,a2d4a941e61268c6ee1539c0eec4875dbc63113aa3279b3f90b49aa5a5cf295d,Students struggle with metaphor comprehension. Which strategy helps?
5002-129,5002,Reading and Language Arts,Reading,medium,single-select,human-reviewed,legacy-import,legacy-unknown,f95c6c523c427f2589a8aead27a22f564377940d103593c01b7f7152c8975217,What is the difference between a novel and a short story?
5002-130,5002,Reading and Language Arts,Reading,easy,single-select,human-reviewed,legacy-import,legacy-unknown,a5d98e70b53e563b2452bcfa7c37884309ec45a492d71475cf64f450b0e31119,What is an allusion?
5002-131,5002,Reading and Language Arts,Reading,medium,single-select,human-reviewed,legacy-import,legacy-unknown,d1a46a75751e269905c5f7ff5663a703007d49d8f7090730c533ec0aa029f5ff,Why is point of view important in understanding a text?
5002-132,5002,Reading and Language Arts,Reading,hard,single-select,human-reviewed,legacy-import,legacy-unknown,46d7a4a800b266082e9ab06edd6b5176fe4446a0f464361404172a7e07b5d3d2,Which approach best develops inferential thinking?
5002-133,5002,Reading and Language Arts,Reading,medium,single-select,human-reviewed,legacy-import,legacy-unknown,fa6d92c63b62b7b46c5e771e2db88774873f82e983db4a9f9bcdc88b3309e3b3,What is satire?
5002-134,5002,Reading and Language Arts,Reading,easy,single-select,human-reviewed,legacy-import,legacy-unknown,bf09633ad4b087a2925f56dc9524d3350352b1744f55332ebc4a651257e08a4c,What is the difference between setting and plot?
5002-135,5002,Reading and Language Arts,Reading,hard,single-select,human-reviewed,legacy-import,legacy-unknown,6383ac4b72b2bf1682e57b970aa4d1b1058ef004552d13dcd3a93e1d87705bbc,Why do readers bring different interpretations to the same text?
5003-071,5003,Mathematics,Algebraic Thinking,easy,single-select,human-reviewed,legacy-import,legacy-unknown,5425a05fe70416198575222ca8cd35ade78bcfb0f1d7724d8a4eb5f355ea09e3,What is the value of x in 2x + 4 = 10?
5003-072,5003,Mathematics,Algebraic Thinking,medium,single-select,human-reviewed,legacy-import,legacy-unknown,23fc72ee77069e66ddf91b76b0aae9e0f2bc4fab68cad2166bf9236f3d6acff7,What is the slope-intercept form of a line?
5003-073,5003,Mathematics,Algebraic Thinking,hard,single-select,human-reviewed,legacy-import,legacy-unknown,044ab8b017b704a191f229f36617cc70fa1ad7b40d7819681e05824ea0abc595,Students write x + 5 = 12 as x = 17. What misconception is this?
5003-074,5003,Mathematics,Algebraic Thinking,medium,single-select,human-reviewed,legacy-import,legacy-unknown,51392f6e16402196ac8d3f2ef36375cd3903d8c1cbe51b28fce6b7ca1c8b1167,What is the y-intercept of y = -3x + 7?
5003-075,5003,Mathematics,Algebraic Thinking,easy,single-select,human-reviewed,legacy-import,legacy-unknown,6a904fd279e1d96a07b81407f085a303d45e1b99839c17e7966ac80ef8ff54ae,Simplify: 3(x + 2) - 4
5003-076,5003,Mathematics,Algebraic Thinking,medium,single-select,human-reviewed,legacy-import,legacy-unknown,c76cc921574e3b7da574e5db51c33f7b45929560a40d759176737970eb09cd71,What does the slope represent in a real-world context?
5003-077,5003,Mathematics,Algebraic Thinking,hard,single-select,human-reviewed,legacy-import,legacy-unknown,84385d632395b2faae4e66321d9a5444addf1076b882850a9b057517d47b72e4,Which representation best helps students understand solving equations?
5003-078,5003,Mathematics,Algebraic Thinking,medium,single-select,human-reviewed,legacy-import,legacy-unknown,b265db7522e793ec16145bbfe48a6cbde1055f0142dde8acd547e679c5f91987,What is a coefficient?
5003-079,5003,Mathematics,Algebraic Thinking,easy,single-select,human-reviewed,legacy-import,legacy-unknown,ff34168d231768b6f511b56c06f010664770dfab35c606431418de6b18ff58e5,What is the solution to 4x = 20?
5003-080,5003,Mathematics,Algebraic Thinking,hard,single-select,human-reviewed,legacy-import,legacy-unknown,2e0bcb07daf9b125363d1792ff70143b73f58131a0177c718e3f93e839a2b4f2,Which system has no solution?
5004-136,5004,Social Studies,"Geography, Anthropology, and Sociology",easy,single-select,human-reviewed,legacy-import,legacy-unknown,4a72fb3d5826ef0637737c0d3766c3580c901824a2143f2bcaf9134826f4c057,What is latitude?
5004-137,5004,Social Studies,"Geography, Anthropology, and Sociology",medium,single-select,human-reviewed,legacy-import,legacy-unknown,c0e59faa735967d2456798f6dbd2db6f053b52ac85d69f72cd63cafd6f580bf0,What is the Prime Meridian's significance?
5004-138,5004,Social Studies,"Geography, Anthropology, and Sociology",hard,single-select,human-reviewed,legacy-import,legacy-unknown,9d516663c620dfe09632dad212ebe7ab06b64edb6e06397d05f7d12937d9994c,Students think that maps are objective representations. How to correct?
5004-139,5004,Social Studies,"Geography, Anthropology, and Sociology",medium,single-select,human-reviewed,legacy-import,legacy-unknown,891b7caf5e715a654b94dcd9a9749ffe8951381e6474b3cefc8b4ddd9b364e2b,What is a continent?
5004-140,5004,Social Studies,"Geography, Anthropology, and Sociology",easy,single-select,human-reviewed,legacy-import,legacy-unknown,1918a6460d8e5ecdcdc229e9df6fbe3247c33b7ec97f8d55ce97978f30a54f76,What is the Tropic of Capricorn?
5004-141,5004,Social Studies,"Geography, Anthropology, and Sociology",medium,single-select,human-reviewed,legacy-import,legacy-unknown,7d2fb7a2037f777b69a3e60a2e778fd240e67ab1b0489cfd6a7823a2577430ef,What causes erosion?
5004-142,5004,Social Studies,"Geography, Anthropology, and Sociology",hard,single-select,human-reviewed,legacy-import,legacy-unknown,a5e2ca68e912474ce4eece5c68b91d8e9f9688cb4bfed131497a4f970e307bb9,Which approach best teaches students about environmental justice?
5004-143,5004,Social Studies,"Geography, Anthropology, and Sociology",medium,single-select,human-reviewed,legacy-import,legacy-unknown,b9c9ec51c5213f680a7c14ac99dec2f61d7485f6eb98de535c5c7087de8109e4,What is the International Date Line?
5004-144,5004,Social Studies,"Geography, Anthropology, and Sociology",easy,single-select,human-reviewed,legacy-import,legacy-unknown,674d63d3a41556da2dcce5418883f388b7188688c5d55306b71769d16e0e9e50,What is a climate zone?
5004-145,5004,Social Studies,"Geography, Anthropology, and Sociology",hard,single-select,human-reviewed,legacy-import,legacy-unknown,32abc6fd74b0660387b220c51b4896bc7d55c9be9e931e7fc984450264da429f,What is the 'tragedy of the commons'?
5005-154,5005,Science,Earth Science,easy,single-select,human-reviewed,legacy-import,legacy-unknown,08a126cb6446a87817bc6f9cf2ed92bce326088cdc83dd81fd9947ba1732752f,What is the mantle?
5005-155,5005,Science,Earth Science,medium,single-select,human-reviewed,legacy-import,legacy-unknown,5c9713512cbfce5600f9bf3d72efd968a15c09e76d20c80ad8c1052b0c71e53f,Why do tectonic plates move?
5005-156,5005,Science,Earth Science,hard,single-select,human-reviewed,legacy-import,legacy-unknown,143ce38e9f411f36dea2a4918141e9cb26df8e0639d6a3ec01d66b96da886799,Students think volcanoes only explode. How to correct?
5005-157,5005,Science,Earth Science,medium,single-select,human-reviewed,legacy-import,legacy-unknown,703bb9170d2b410abd9de1855eae7b857db30e35e86f61147ab838271857fd72,What is a fault?
5005-158,5005,Science,Earth Science,easy,single-select,human-reviewed,legacy-import,legacy-unknown,3fca5569ee554344a62a9d98a2047bd10916fb96e51256b219bd12804fad1337,What is the asthenosphere?
5005-159,5005,Science,Earth Science,medium,single-select,human-reviewed,legacy-import,legacy-unknown,85ea28d15e2dd2c99bbe814a868a09d95992a533758c7cc2846bbd22438be95a,How do mountains form at convergent boundaries?
5005-160,5005,Science,Earth Science,hard,single-select,human-reviewed,legacy-import,legacy-unknown,9efd9356b386a6ca6d33a1f04176471999423ced89a6278a3f7001bbe7317dca,Which demonstration best shows seismic wave behavior?
5005-161,5005,Science,Earth Science,medium,single-select,human-reviewed,legacy-import,legacy-unknown,47d13f6f837c88acc86b44cde264e281e992ea23459c114334241ac92692a2ba,What is the lithosphere?
5005-162,5005,Science,Earth Science,hard,single-select,human-reviewed,legacy-import,legacy-unknown,0b6e669373b1c9a52d0c33456a4d1367add2806b57bff676f4d966923e4fa339,Why do many subduction zones produce volcanic arcs?
5005-163,5005,Science,Life Science,easy,single-select,human-reviewed,legacy-import,legacy-unknown,5202293617686a3200a8058750b44d7c147c0f148595ca76445e3133353c6b15,What is natural selection?
5005-164,5005,Science,Life Science,medium,single-select,human-reviewed,legacy-import,legacy-unknown,b8fc312684275dd61d85f403f209b925a1d74cfcc9a58c2ff37abc83ea157a63,What is the role of biodiversity?
5005-165,5005,Science,Life Science,hard,single-select,human-reviewed,legacy-import,legacy-unknown,6884370afa76cf13b5e7758f4b0fabda04000b26f744c5236b00a54dd462e3e7,Students think that evolution means 'progress.' How to correct?
5005-166,5005,Science,Life Science,medium,single-select,human-reviewed,legacy-import,legacy-unknown,45d21ee7b6e4d693ec9b77ef9168dc44d579eaaa6d928d4a924ecd169e302ac3,What is an ecological niche?
5005-167,5005,Science,Life Science,easy,single-select,human-reviewed,legacy-import,legacy-unknown,7d6ed3d14872001a407f425f2a242c4d61664340b1723e3e65bdf94502076db0,What is an adaptation?
5005-168,5005,Science,Life Science,hard,single-select,human-reviewed,legacy-import,legacy-unknown,6c27681c0c9ce684837f651fcdaaa99f7d9f28d74def544dceef309a9ab3357b,Why do antibiotics lose effectiveness over time?
5005-169,5005,Science,Life Science,medium,single-select,human-reviewed,legacy-import,legacy-unknown,a3ca1419cd94da70a89a578a41111313e542b81866c3a3d6bfa4fbcb45ed4442,Which lab best demonstrates photosynthesis?
5005-170,5005,Science,Life Science,easy,single-select,human-reviewed,legacy-import,legacy-unknown,67d225fdccc0bf45329219a9c798634b00f4013d513a4dcc7e7249a6ee7e3491,What is the food chain?
5005-171,5005,Science,Life Science,medium,single-select,human-reviewed,legacy-import,legacy-unknown,99c8b8bd45f5ea2011938781a7356bace9925f0ea2646eca4079e2dfcf65f696,What is speciation?
5005-172,5005,Science,Life Science,hard,single-select,human-reviewed,legacy-import,legacy-unknown,142eba6133433c79b8bbfcb1478e62daf66d9c9ecc7307fd5b3d9753e6f4ae1e,Which approach best addresses the misconception that organisms 'try' to adapt?
5005-173,5005,Science,Physical Science,easy,single-select,human-reviewed,legacy-import,legacy-unknown,641b7973fb96a23d28a4539eb3cfc3a113c65b0ff9e2eb22e3a6ebb2c0631935,What is Newton's second law?
5005-174,5005,Science,Physical Science,medium,single-select,human-reviewed,legacy-import,legacy-unknown,514b286562308869f3d2879eba15e63305f74e6273638d9e3933f460b62a56cc,What is the law of conservation of energy?
5005-175,5005,Science,Physical Science,hard,single-select,human-reviewed,legacy-import,legacy-unknown,2fa9a8a0067401f3f4ce84527dd3cae6956d13b86193b2ec8ee242e58235a105,Students think that energy is used up. How to correct?
5005-176,5005,Science,Physical Science,medium,single-select,human-reviewed,legacy-import,legacy-unknown,575422c3c143cee1bf8c3d706ec74b68010a8f041d0bb33b96428653fea3cd86,What is the unit of work?
5005-177,5005,Science,Physical Science,easy,single-select,human-reviewed,legacy-import,legacy-unknown,14f466e25a5bf1f71a24b3497ddc9d3be833fda624f3b14ead05714aaa1dc6c1,What is density formula?
5005-178,5005,Science,Physical Science,medium,single-select,human-reviewed,legacy-import,legacy-unknown,f6d0b0859953dae346f052a975218ba4e0af00237c13498a343f76da325c65c7,Why do objects float or sink?
5005-179,5005,Science,Physical Science,hard,single-select,human-reviewed,legacy-import,legacy-unknown,98fcd6ad06f8c06e41fcec51e05cfedde5b9f55396a997023939fc4877d3b761,Which experiment best demonstrates pressure?
5005-180,5005,Science,Physical Science,medium,single-select,human-reviewed,legacy-import,legacy-unknown,4abf28e01df46e58760c890455fe583fccd13ad213f5a261f79641f07db3a1f1,What is potential energy?
5005-181,5005,Science,Physical Science,easy,single-select,human-reviewed,legacy-import,legacy-unknown,686e5adebf56462598acc547b61d26be7886d16ec83233610d440a6058a7a0d1,What is a conductor?
5005-182,5005,Science,Physical Science,hard,single-select,human-reviewed,legacy-import,legacy-unknown,0881cdda29a09d40672e7a273886b44e1ca68dafbbb8caf267de36089264993e,Why do mirages occur?
5003-081,5003,Mathematics,"Geometry and Measurement, Data, Statistics, and Probability",easy,single-select,human-reviewed,legacy-import,legacy-unknown,8addad2dfbb1e3658391c224fde8c0664669d4d43d11d19fd3db555053bf7148,What is the area of a rectangle with length 5 and width 3?
5003-082,5003,Mathematics,"Geometry and Measurement, Data, Statistics, and Probability",medium,single-select,human-reviewed,legacy-import,legacy-unknown,d218c8102c962295420c0132389a33db6285524724c505b2b53bf54aaab2d5c1,"What is the mean of 4, 6, 8, 10, 12?"
5003-083,5003,Mathematics,"Geometry and Measurement, Data, Statistics, and Probability",hard,single-select,human-reviewed,legacy-import,legacy-unknown,a3e0dcb19aaa0e91e7dd17bc05097c2045f969dac2101229a8c29c0b65652cb3,Students confuse area and perimeter. Which activity distinguishes them?
5003-084,5003,Mathematics,"Geometry and Measurement, Data, Statistics, and Probability",medium,single-select,human-reviewed,legacy-import,legacy-unknown,4ccec56fdfc9a657251e84453037f8a8731dd119f3cd741699bfa834ac0ff421,What is the volume of a cube with side 4 cm?
5003-085,5003,Mathematics,"Geometry and Measurement, Data, Statistics, and Probability",easy,single-select,human-reviewed,legacy-import,legacy-unknown,f81fa4d966553869efa1ca0915365a736bf6f55a8ddb7527487bbc3b455ae3ff,"What is the mode of 2, 3, 3, 5, 7, 7, 7, 9?"
5003-086,5003,Mathematics,"Geometry and Measurement, Data, Statistics, and Probability",medium,single-select,human-reviewed,legacy-import,legacy-unknown,f8528d5e67c43126e8281c9ed0efc04b4b19d3e322805d47676ace2dd048e526,What is the probability of rolling a 3 on a fair six-sided die?
5003-087,5003,Mathematics,"Geometry and Measurement, Data, Statistics, and Probability",hard,single-select,human-reviewed,legacy-import,legacy-unknown,ac6ae161a190271f2982c3235b9379f43057a9ad2125fd54717ebff1b7ad6a42,Which tool best helps students visualize 3D geometry?
5003-088,5003,Mathematics,"Geometry and Measurement, Data, Statistics, and Probability",medium,single-select,human-reviewed,legacy-import,legacy-unknown,dbdc95c1aa21cdf2427c721f01d1a66cf63b1034f797d4acf71565e6e038e75f,What is the circumference of a circle with radius 7 (use π ≈ 3.14)?
5003-089,5003,Mathematics,"Geometry and Measurement, Data, Statistics, and Probability",easy,single-select,human-reviewed,legacy-import,legacy-unknown,caedac7f0b7d3947cd57ffadbf73405b4cb3833016c84341b2c73f4c01c8d48c,"What is the median of 3, 7, 9, 12, 15?"
5003-090,5003,Mathematics,"Geometry and Measurement, Data, Statistics, and Probability",hard,single-select,human-reviewed,legacy-import,legacy-unknown,dcdd45b9d189edefa235a147c635ca4c478b8ade143e1efb88d112fc7c652732,What is the difference between independent and dependent events in probability?
5004-146,5004,Social Studies,"United States History, Government, and Citizenship",easy,single-select,human-reviewed,legacy-import,legacy-unknown,02cbc6d5ee5e5f34660f42abab2355decc56b10df479cdea5e763e3a5c66bfc5,What year did the Constitution go into effect?
5004-147,5004,Social Studies,"United States History, Government, and Citizenship",medium,single-select,human-reviewed,legacy-import,legacy-unknown,069a2a6b33d8f27509c0fa60e3f2b4db066a995e2f7a1a7ceaaf8031473a364d,What is federalism?
5004-148,5004,Social Studies,"United States History, Government, and Citizenship",hard,single-select,human-reviewed,legacy-import,legacy-unknown,21061429c25f3918a1687f776e1b770cf916d750f4010dee7064f01ecd655643,Students think the Bill of Rights protects only famous rights. How to broaden understanding?
5004-149,5004,Social Studies,"United States History, Government, and Citizenship",medium,single-select,human-reviewed,legacy-import,legacy-unknown,9bfc9f298f957a9c0069f4b6483747df4945365532634094716a1751bed55911,What is the function of the Cabinet?
5004-150,5004,Social Studies,"United States History, Government, and Citizenship",easy,single-select,human-reviewed,legacy-import,legacy-unknown,7bac8c31055542d5dc558a8bc310bcede67cff39928859a14898b509539f6032,How many amendments has the Constitution had?
5004-151,5004,Social Studies,"United States History, Government, and Citizenship",medium,single-select,human-reviewed,legacy-import,legacy-unknown,dc5250ef5388d84c60365d0536c9c9773687a78750567bde7df5bda8c680509c,What is the tension between federal and state power called?
5004-152,5004,Social Studies,"United States History, Government, and Citizenship",hard,single-select,human-reviewed,legacy-import,legacy-unknown,ed6cb4f9c7a520d0b515958504dad4b7b18b6bca448c065547f0d033982f0622,Which simulation best teaches civic engagement?
5004-153,5004,Social Studies,"United States History, Government, and Citizenship",medium,single-select,human-reviewed,legacy-import,legacy-unknown,49a2489853e5e86573e8acfbd9c1507948f2978cfbbb44950b5e7b4384728d25,What is a filibuster?
5004-154,5004,Social Studies,"United States History, Government, and Citizenship",hard,single-select,human-reviewed,legacy-import,legacy-unknown,748395d8554ba74128cf0679e0417417cb9eea3e80d3c9abf6767ebea59a8900,What is the significance of Gibbons v. Ogden?
5002-136,5002,Reading and Language Arts,"Writing, Speaking, and Listening",medium,single-select,human-reviewed,legacy-import,legacy-unknown,cb394ac7621754d6a4fdf27d2fcc3d0cfdf528b7c0069440a4b8d8e59bc1d8e2,Why is audience awareness important in writing?
5002-137,5002,Reading and Language Arts,"Writing, Speaking, and Listening",hard,single-select,human-reviewed,legacy-import,legacy-unknown,c2888eff7504bc6540f3932670b8867f461b35bd619f918d1b5f4a2f614fc4b7,Students write rambling paragraphs without clear structure. Which strategy helps?
5002-138,5002,Reading and Language Arts,"Writing, Speaking, and Listening",easy,single-select,human-reviewed,legacy-import,legacy-unknown,18a2c5e8dda45c700213f28981e60414b077f219d04b771f65c2fbfa2416c84e,What is the difference between informal and formal writing?
5002-139,5002,Reading and Language Arts,"Writing, Speaking, and Listening",hard,single-select,human-reviewed,legacy-import,legacy-unknown,0a324f0f2052857159381126ef414775b980dc06db3a5002baf13fa308b1f239,Which approach best develops students' argumentative writing?
5002-140,5002,Reading and Language Arts,"Writing, Speaking, and Listening",medium,single-select,human-reviewed,legacy-import,legacy-unknown,2c3d38d1ca147a1ad6b679742e57cf4e1cb65ff8d94e8ac0df16b77344d064e5,What is a topic sentence?
5002-141,5002,Reading and Language Arts,"Writing, Speaking, and Listening",easy,single-select,human-reviewed,legacy-import,legacy-unknown,72e7cbe85c9be1dc5efb88ec96c1e55205c406591080219623b4f182c7c06b66,What is parallel structure?
5002-142,5002,Reading and Language Arts,"Writing, Speaking, and Listening",hard,single-select,human-reviewed,legacy-import,legacy-unknown,803fc390b4948a2d67de6e85346431e66ea045cf70262c1e5711794f24f4a860,Why is sentence variety important in writing?
5005-183,5005,Science,Earth Science,easy,single-select,human-reviewed,legacy-import,legacy-unknown,3ced30d11e2324872c91724d1eb32c2ecfc4353a088a8982e5904fddb07ac754,What is the inner core made of?
5005-184,5005,Science,Earth Science,medium,single-select,human-reviewed,legacy-import,legacy-unknown,c3f674d30bed023e2c900727b90e0d9f8648944d10202b71f3688f438eefbc5a,Why does Earth have seasons?
5005-185,5005,Science,Earth Science,hard,single-select,human-reviewed,legacy-import,legacy-unknown,9f2cae1fbad5b0f754a7d8874e5352d95b5837ddfa20a9ec10d82d739d50d09d,Students think seasons are caused by Earth's distance from the sun. How to correct?
5005-186,5005,Science,Earth Science,medium,single-select,human-reviewed,legacy-import,legacy-unknown,a81f017b2afdd0242833783cb676bd1735bfc7ad6125af3c5a1b2963063d30c6,What is a mineral?
5005-187,5005,Science,Earth Science,hard,single-select,human-reviewed,legacy-import,legacy-unknown,d0c554b654745f67519af7bec2b21891124ee2ff244fcf7aba1db739b4dd68ef,Which observation best teaches students about rock formation?
5005-188,5005,Science,Earth Science,medium,single-select,human-reviewed,legacy-import,legacy-unknown,e716ec976a728080e7835a97784e9a18731d58ad77c1c9a2a77a393c753bc7c8,What is precipitation?
5005-189,5005,Science,Earth Science,easy,single-select,human-reviewed,legacy-import,legacy-unknown,b02d1d1d46d02c26a2ff152157e4662e46d1f6b436b61b2b12e40a73a933b44a,What is the atmosphere's main gas?
5005-190,5005,Science,Earth Science,hard,single-select,human-reviewed,legacy-import,legacy-unknown,1a0f09e9d9b1b362f5b263fcb769a91dd05495727686a227450aed9c778b3b13,Why is the ozone layer important?
5003-091,5003,Mathematics,Numbers and Operations,easy,single-select,human-reviewed,legacy-import,legacy-unknown,94f49b64e7b2357f083a11f5817723f36fd63900ce864c832db958cab5476bf2,What is 15% of 200?
5003-092,5003,Mathematics,Numbers and Operations,medium,single-select,human-reviewed,legacy-import,legacy-unknown,8d7321d9b7e78749e19c1a2b5afd5daeda67da7ed22e80ee01226beedf7b81aa,Why is 0.999... equal to 1?
5003-093,5003,Mathematics,Numbers and Operations,hard,single-select,human-reviewed,legacy-import,legacy-unknown,af248d6705cdc6bed8ecef2b2d8db732762cc28c9f535ead7a40c5722fff6e1c,Students think that dividing always makes numbers smaller. What counterexample works?
5003-094,5003,Mathematics,Numbers and Operations,easy,single-select,human-reviewed,legacy-import,legacy-unknown,2560e558512b3423430e90f30b65252b2e72ac72565d9b52dca7e4962b728c65,What is the GCF of 12 and 18?
5003-095,5003,Mathematics,Numbers and Operations,medium,single-select,human-reviewed,legacy-import,legacy-unknown,77083f13c24a3412589c78e4f794342eef0b2925b092938ecef4753f3f1faa3e,What is the difference between rational and irrational numbers?
5003-096,5003,Mathematics,Numbers and Operations,hard,single-select,human-reviewed,legacy-import,legacy-unknown,1d31ca0465a8ab5044dbe38dd361a1539cb2166e314abe320d53c8e7fe1ad970,Which model best helps students understand negative numbers?
5003-097,5003,Mathematics,Numbers and Operations,medium,single-select,human-reviewed,legacy-import,legacy-unknown,c91ef23b9c6d898ec65e96b2eafbce3de151b056a0a30741f9d2f2309c16e872,What is 2/3 + 1/4?
5004-155,5004,Social Studies,World History and Economics,easy,single-select,human-reviewed,legacy-import,legacy-unknown,e81dc0ba4681c3117ab2be5f260cb6d0175945fdf49ee84cdc227d368ab49542,What is the Industrial Revolution's origin country?
5004-156,5004,Social Studies,World History and Economics,medium,single-select,human-reviewed,legacy-import,legacy-unknown,c07355e91ea2681548abcbfa4faa62382d6a0e4f9b2fb92022727743dbe5fa8b,What was the immediate trigger of World War I?
5004-157,5004,Social Studies,World History and Economics,hard,single-select,human-reviewed,legacy-import,legacy-unknown,0818e558bc1f5abbe48886a51c2df072690c3ecbeb87bc90493cdbb450467957,Which approach best teaches students about economic systems?
5004-158,5004,Social Studies,World History and Economics,medium,single-select,human-reviewed,legacy-import,legacy-unknown,4f3ddfaabb775c62bf4610c24610ff9ebb7d2ab16db080567c4f6ff238701593,What is globalization?
5004-159,5004,Social Studies,World History and Economics,easy,single-select,human-reviewed,legacy-import,legacy-unknown,e2c338bd8b0f03bf10b580aaae1e19d55b0c2de3fccb9895a1eeebeb1e0e3391,Which ancient civilization invented writing?
5004-160,5004,Social Studies,World History and Economics,medium,single-select,human-reviewed,legacy-import,legacy-unknown,a962eb90cb4ca38953278cf9054f97ca431221f5dbd6f8e594be79e05790cad7,What was the significance of the Silk Road?
5004-161,5004,Social Studies,World History and Economics,hard,single-select,human-reviewed,legacy-import,legacy-unknown,31d93cedb5047adb6eb7c88fdeb8586a4eb8aecb15279540819bf2b88098325b,Students think that economic history is just about money. How to broaden perspective?
5002-143,5002,Reading and Language Arts,"Writing, Speaking, and Listening",easy,single-select,human-reviewed,legacy-import,legacy-unknown,53896e29ccee94e6eaa20ff24cdd432dcd9651f52ad5d749f06a7e90c756e003,What is the purpose of a concluding paragraph?
5002-144,5002,Reading and Language Arts,"Writing, Speaking, and Listening",medium,single-select,human-reviewed,legacy-import,legacy-unknown,f7f5053a52f5ec924db301a5321af1dd3c60a807108eeb673be84d2b14985209,Why is evidence important in argumentative writing?
5002-145,5002,Reading and Language Arts,"Writing, Speaking, and Listening",hard,single-select,human-reviewed,legacy-import,legacy-unknown,1687bec288d92be4687aa7be9e2f1769a143e0e5d65ad5137ffe7f91337c42c7,Which activity best develops listening skills?
5002-146,5002,Reading and Language Arts,"Writing, Speaking, and Listening",medium,single-select,human-reviewed,legacy-import,legacy-unknown,7213426e65e54c2972f25a88f39bda0162cc2aa1d8c76a2aab7901bc7013132f,What is a citation?
5002-147,5002,Reading and Language Arts,"Writing, Speaking, and Listening",easy,single-select,human-reviewed,legacy-import,legacy-unknown,0044b366746431b8906647319dc1db85b52a3b25824d35e818582691c10370ce,What is a summary?
5002-148,5002,Reading and Language Arts,"Writing, Speaking, and Listening",medium,single-select,human-reviewed,legacy-import,legacy-unknown,e18de1a2b1a4e7982275ce352055aab498f392e56de53407c7d6a6718e1fcd28,Why is voice important in persuasive writing?
5002-149,5002,Reading and Language Arts,"Writing, Speaking, and Listening",hard,single-select,human-reviewed,legacy-import,legacy-unknown,1044011fa0e7964f4f29aa0102e62e476911c965d62f8d8851d725a017154ce1,Students use weak vocabulary repeatedly. Which strategy helps?
5002-150,5002,Reading and Language Arts,"Writing, Speaking, and Listening",medium,single-select,human-reviewed,legacy-import,legacy-unknown,0bb9b546a2ec42d8c9129431515c5d6a444fb0878a9ad4455e1298d19821361a,What is the difference between facts and opinions?
5005-191,5005,Science,Life Science,medium,single-select,human-reviewed,legacy-import,legacy-unknown,76dbbaf2dc72010c9a57d9332798f3d0ec959fb90868493230cfefff8175f2d4,What is the role of enzymes?
5005-192,5005,Science,Life Science,hard,single-select,human-reviewed,legacy-import,legacy-unknown,171f3bcc00b8efee4564d83d072bb7a845c4ac300aaa468397d3fae55f1b4fba,Students describe cells as simple building blocks. Which instructional response would best deepen th
5005-193,5005,Science,Life Science,medium,single-select,human-reviewed,legacy-import,legacy-unknown,1e2156236dc96d41ee8c9049fce948c6f8d666fdd9d8777e1c5fc517d39e615d,What is osmosis?
5005-194,5005,Science,Life Science,easy,single-select,human-reviewed,legacy-import,legacy-unknown,1926333850ed44be77a8e1211d174936d56e2d79a41ec94015d02e02f903082e,What is the cell membrane's main function?
5005-195,5005,Science,Life Science,hard,single-select,human-reviewed,legacy-import,legacy-unknown,10a5f1fa78e9ec3959174f5f79b40d2fc3d80d49ac8032434290f50c144113cd,Why do red blood cells lack a nucleus?
5005-196,5005,Science,Life Science,medium,single-select,human-reviewed,legacy-import,legacy-unknown,01beaec5066cb9af9a23f86b60a467b6b9a8ad12f26b02994b1b15be00918472,Which model best represents the cell membrane?
5005-197,5005,Science,Life Science,medium,single-select,human-reviewed,legacy-import,legacy-unknown,674259e610b1d300c28c82e61372af6924ed8c37088d3208dd8f4cac95d344a1,What is ATP?
5005-198,5005,Science,Life Science,easy,single-select,human-reviewed,legacy-import,legacy-unknown,9719a7cf1ab11fa136f5396b6cfb6037f81438c8bc36b8ccd0e8590cbb5fc1f6,What is DNA's shape?
5005-199,5005,Science,Life Science,hard,single-select,human-reviewed,legacy-import,legacy-unknown,78cdf98aaef6e6ece572bc47d7d39b87d681a39b255aedc02376e38214f8776c,What is the significance of the phospholipid bilayer's amphipathic nature?
5005-200,5005,Science,Physical Science,easy,single-select,human-reviewed,legacy-import,legacy-unknown,ee778f148c95fbdd1e857c9741700dc4ccb8a865123b7882b48de50f3690a973,What is the unit of force?
5005-201,5005,Science,Physical Science,medium,single-select,human-reviewed,legacy-import,legacy-unknown,8c4f208ca1a1211c2ca3d8e06011247e00b29ac6a2b48ea4ff6819dd3a732a27,Why does friction oppose motion?
5005-202,5005,Science,Physical Science,hard,single-select,human-reviewed,legacy-import,legacy-unknown,7d19bd4871af6c1aa2b7871f20e4cf7a7a2997e606f692eec73ace403226d59a,Students think that motion requires constant force. What Newton's law corrects this?
5005-203,5005,Science,Physical Science,medium,single-select,human-reviewed,legacy-import,legacy-unknown,6ee68d4e127c33a8244fe6ad7df58230af63b4e612544f3ac2ac7a6cf5374f10,What is the formula for kinetic energy?
5005-204,5005,Science,Physical Science,easy,single-select,human-reviewed,legacy-import,legacy-unknown,bd1e4592d2bc1d6becfb094d73411d4ecf222b9a0fbb0a16e83d24ca39b1b5d3,What is Newton's third law?
5005-205,5005,Science,Physical Science,medium,single-select,human-reviewed,legacy-import,legacy-unknown,a3c81ba3c702e83cb57dab60511b07a42e47dccc6958765cadb984f7e83690e2,What is the relationship between mass and weight?
5005-206,5005,Science,Physical Science,hard,single-select,human-reviewed,legacy-import,legacy-unknown,af8023ad39742cea607a7b285a2000aae0ead7456ff79f9608f571fc143a2604,Which demonstration best shows conservation of momentum?
5005-207,5005,Science,Physical Science,medium,single-select,human-reviewed,legacy-import,legacy-unknown,07bf83208a8daba0f5c4113742b18f0aeeb68ae961994e7fbebe4cf1c14f7e5b,What is a wave's wavelength?
5005-208,5005,Science,Physical Science,easy,single-select,human-reviewed,legacy-import,legacy-unknown,d5823fe07cb65f41d3b902ad9acfcd410fcd09fa984fb09b02c450eccd4da5d7,Which sequence orders electromagnetic waves from lowest to highest energy?
5005-209,5005,Science,Physical Science,hard,single-select,human-reviewed,legacy-import,legacy-unknown,94eadbc4aa6b388be4e76ce13135c9866e4dc62397ee0e12805cec8e25c0af58,Why does light bend when entering water?
5005-210,5005,Science,Earth Science,easy,single-select,human-reviewed,legacy-import,legacy-unknown,7b02d696fc1e16dbbf4ca826f2ed1b224f38925bd8f6af5bd4f44facda3b06b9,What is the greenhouse effect?
5005-211,5005,Science,Earth Science,medium,single-select,human-reviewed,legacy-import,legacy-unknown,3caf0e9de89c108c8b514c580a04e9135606b90735a8be9efe68e5ddcfd8c350,How do scientists know about Earth's interior?
5005-212,5005,Science,Earth Science,hard,single-select,human-reviewed,legacy-import,legacy-unknown,3a5d62e2d9d611cb506565c82639ed68986c1027374078e6b2427a59b8bef197,Students think that climate change is natural and not human-caused. How to address?
5005-213,5005,Science,Earth Science,easy,single-select,human-reviewed,legacy-import,legacy-unknown,b7e04e406f8efcbcc104599f88226ddeffbb9333843b2eccfce26bd0738c1ade,What causes day and night?
5005-214,5005,Science,Earth Science,medium,single-select,human-reviewed,legacy-import,legacy-unknown,ee4e14d789552714212a5ff97a33a2251e7951628140a11a3af394db58a1eb61,What is the water cycle's main energy source?
5005-215,5005,Science,Earth Science,hard,single-select,human-reviewed,legacy-import,legacy-unknown,67eb68497fcedf93fe53cd7dab9fb18f859365241e82ce3b87555f0d2c80c928,Which hands-on activity best demonstrates erosion?
5005-216,5005,Science,Earth Science,easy,single-select,human-reviewed,legacy-import,legacy-unknown,aff43758ba0297a91d7ce90858cff316265ca648f2a0198bec62ff0e29d54784,What is a storm?
5002-151,5002,Reading and Language Arts,Reading,easy,single-select,human-reviewed,legacy-import,legacy-unknown,562a77b2a4aa364475a87a973369f699686bea4f1e6db2447703d184925a7485,What is a primary source?
5002-152,5002,Reading and Language Arts,Reading,medium,single-select,human-reviewed,legacy-import,legacy-unknown,2a00983ebe27e84db07fed6f524ecb2381240797257d0695bc1394fc1a95c2cf,Why is context crucial for literary analysis?
5002-153,5002,Reading and Language Arts,Reading,hard,single-select,human-reviewed,legacy-import,legacy-unknown,70ba6821da63f8847aaae8c8baa5415d392b2c1a9db8b7421a02fd1c2793d491,Students can decode words but lack comprehension. Which strategy helps?
5002-154,5002,Reading and Language Arts,Reading,medium,single-select,human-reviewed,legacy-import,legacy-unknown,19b2cf5c970147819579eb1ffed44b81289b594ae05a30554ac8969a711e1d07,What is foreshadowing?
5002-155,5002,Reading and Language Arts,Reading,easy,single-select,human-reviewed,legacy-import,legacy-unknown,dfff42c3fa3c3d6cd679d2b2083195a88f340118e9c45ea00ffb3aa92cd58639,What is an antagonist?
5002-156,5002,Reading and Language Arts,Reading,medium,single-select,human-reviewed,legacy-import,legacy-unknown,ff1515a8b463f2555b9895d40d363a3c126f7123e6b68b3b6646f96208f7eb74,Why do authors use imagery?
5002-157,5002,Reading and Language Arts,Reading,hard,single-select,human-reviewed,legacy-import,legacy-unknown,aea1988b9647b69bebd6e25e0d9fb7558f73e3c9e95baa88633b4951075afdd7,Which approach best teaches students to analyze arguments?
5002-158,5002,Reading and Language Arts,Reading,medium,single-select,human-reviewed,legacy-import,legacy-unknown,c31f3e68458a9769716414c5b96e5135a5c459c98ecb33f6cc7927ca5e29f3f2,What is narrative structure?
5002-159,5002,Reading and Language Arts,Reading,easy,single-select,human-reviewed,legacy-import,legacy-unknown,cac05d6a0753f2c771c67d4fce7dc5f8f36b7a51e11c86c5a01a85f76040a6c7,What is a simile?
5002-160,5002,Reading and Language Arts,Reading,hard,single-select,human-reviewed,legacy-import,legacy-unknown,688d1501019c6270c5ead856594cd5985936bbea19fbea7ab6986de3d5113a6d,Why do interpretations of texts vary across cultures?
5005-217,5005,Science,Life Science,easy,single-select,human-reviewed,legacy-import,legacy-unknown,b96f654bb8717865e5cef19a4c92b14fff2a500ad269b37f19c7f86ff39c4cac,What is mitosis?
5005-218,5005,Science,Life Science,medium,single-select,human-reviewed,legacy-import,legacy-unknown,247d537166e2a5083d065f543787d0c57abb809e7ddf66b8b7332647f45c1382,What is the difference between genotype and phenotype?
5005-219,5005,Science,Life Science,hard,single-select,human-reviewed,legacy-import,legacy-unknown,95e3bc362bad67a7aa0107c7619b68001bb296de78fcb9d4a055ab9046572d5b,Students think that dominant traits are more common. How to correct?
5005-220,5005,Science,Life Science,medium,single-select,human-reviewed,legacy-import,legacy-unknown,997d9501eef8e03867bbba3f57cf6c97f110a899fcd0cdd54718b909cb2f4bfa,What is DNA's role?
5005-221,5005,Science,Life Science,easy,single-select,human-reviewed,legacy-import,legacy-unknown,7a609b09c74befe2566840a0ee05dc0b13160a80247f6baee61fcd15e997f26c,What is a gene?
5005-222,5005,Science,Life Science,hard,single-select,human-reviewed,legacy-import,legacy-unknown,41446f9e6406b627412e19d7904b0c3fe2a0feae5905ed47a16e2db288c7dece,What is genetic drift?
5005-223,5005,Science,Life Science,medium,single-select,human-reviewed,legacy-import,legacy-unknown,c1910611f3adf7a9ceffbd10ee2c2706982793058321b3953942b4e924adbb1d,Which model best represents DNA structure?
5005-224,5005,Science,Life Science,easy,single-select,human-reviewed,legacy-import,legacy-unknown,1016355d72d7005fb9c5c7fc1a655e5d74d8d09af5c65fe6aee34da9ad57bd3f,What are the four bases of DNA?
5005-225,5005,Science,Life Science,medium,single-select,human-reviewed,legacy-import,legacy-unknown,0892b1064d6353edf220bc9bf9e8c864e216b9020ce6593afdf68d5996598bc8,What is the purpose of meiosis?
5005-226,5005,Science,Life Science,hard,single-select,human-reviewed,legacy-import,legacy-unknown,acf56b86417c1d89fc030d194180a6a3dddcfebe9ec5c9cfbd8a3730b18fd9b1,Students think that mutations are always harmful. How to correct?
5004-162,5004,Social Studies,"Geography, Anthropology, and Sociology",easy,single-select,human-reviewed,legacy-import,legacy-unknown,7883867994423d182dd5bd73120aae322997f43db97d529a2fdfd53ca9a1347a,What is a culture?
5004-163,5004,Social Studies,"Geography, Anthropology, and Sociology",medium,single-select,human-reviewed,legacy-import,legacy-unknown,dde99a6132836c5f08d0c6ca8692109887c5764eb688ce6bb959d1d122420541,What is social stratification?
5004-164,5004,Social Studies,"Geography, Anthropology, and Sociology",hard,single-select,human-reviewed,legacy-import,legacy-unknown,c896a6feb2aeaeb4504a034c4e0ec0706d1c1e96de4aead26ec1b70d69fd7182,Students think that migration is always voluntary. How to address?
5004-165,5004,Social Studies,"Geography, Anthropology, and Sociology",easy,single-select,human-reviewed,legacy-import,legacy-unknown,0f4229da2bb02a73196297334e2d54898b9df49c78f2509aeac21baeb3c79b49,What is globalization's main feature?
5004-166,5004,Social Studies,"Geography, Anthropology, and Sociology",medium,single-select,human-reviewed,legacy-import,legacy-unknown,757b2a80f2813b0dbd5a9b8f65c940ec967762620875ea26cf8ff6fa16849343,What is acculturation?
5004-167,5004,Social Studies,"Geography, Anthropology, and Sociology",hard,single-select,human-reviewed,legacy-import,legacy-unknown,fa77051d757ce876e68ee66ff6d4cf31fdaa41a1b7ebd936d109e5fbb2446ccf,Which activity best teaches cultural geography?
5004-168,5004,Social Studies,"Geography, Anthropology, and Sociology",medium,single-select,human-reviewed,legacy-import,legacy-unknown,f28faa3ac5d5b4e30f12fab5fa425c362941415b2d915724f828d4b7436b4d4d,What is a language family?
5004-169,5004,Social Studies,"Geography, Anthropology, and Sociology",easy,single-select,human-reviewed,legacy-import,legacy-unknown,c0dec20be914e83ff1e4120e593b1601210a812837969cb9ed9cebc06fc6f983,What is a demographic transition?
5004-170,5004,Social Studies,"Geography, Anthropology, and Sociology",hard,single-select,human-reviewed,legacy-import,legacy-unknown,659d9d0b673d67743a4f49900e22e041a6886b810c203f92f5b4095aa5a47ab6,What is the 'resource curse'?
5005-227,5005,Science,Physical Science,easy,single-select,human-reviewed,legacy-import,legacy-unknown,2b88cc0f8b32de6c6b21e1130f8481eb37f0a4e0fa092f70da23e379a4d6f140,What is electricity?
5005-228,5005,Science,Physical Science,medium,single-select,human-reviewed,legacy-import,legacy-unknown,537390045a22938af72d09059952256650fb47a02ffdb3c1881784dc62323691,Why do transformers change voltage?
5005-229,5005,Science,Physical Science,hard,single-select,human-reviewed,legacy-import,legacy-unknown,3d5cfcbc911e874a699c51be8c2e1b44dae8b307fde6e68c2de3e99adde1b91e,Students think that circuits need a battery to work. How to expand understanding?
5005-230,5005,Science,Physical Science,medium,single-select,human-reviewed,legacy-import,legacy-unknown,74bd7242df97d9b5838c599579c547da55304a6ec127af17994c5521c4c89bfa,What is Ohm's law?
5005-231,5005,Science,Physical Science,easy,single-select,human-reviewed,legacy-import,legacy-unknown,2b966d8c051a324369e92ae7b6f21feabc83063f9758a86169cf99343870ffc3,What is an insulator?
5005-232,5005,Science,Physical Science,medium,single-select,human-reviewed,legacy-import,legacy-unknown,97d26de6e779f823ac0fded5eb9343d23bdbd54de58dcef3658b4942f3c2f8a2,What is the difference between series and parallel circuits?
5005-233,5005,Science,Physical Science,hard,single-select,human-reviewed,legacy-import,legacy-unknown,426b26640ea6c83733d0407cb1e42fded01d54144883ca095414d5167e99013d,Which demonstration best shows electromagnetic induction?
5005-234,5005,Science,Physical Science,medium,single-select,human-reviewed,legacy-import,legacy-unknown,db78da1f089d8c20dd9825231a93fcb3c26977d1e48ae33f8122bc59bf695b75,What is alternating current (AC)?
5005-235,5005,Science,Physical Science,easy,single-select,human-reviewed,legacy-import,legacy-unknown,a34698c4b0a39686db13d4e5b1f51a8f5c9538be88d891e62c0163ec8e447be7,What is the unit of resistance?
5005-236,5005,Science,Physical Science,hard,single-select,human-reviewed,legacy-import,legacy-unknown,dacd40f01f131a0750a83e95e7113a2c9e23ae054730e10663c2fd0e481a41ef,Why is power transmitted at high voltage?
5005-237,5005,Science,Earth Science,easy,single-select,human-reviewed,legacy-import,legacy-unknown,1fb529c7189f3c235a09b30e456ff93f907e3187f81df1796469e6732ad1b67b,What is the hydrosphere?
5005-238,5005,Science,Earth Science,medium,single-select,human-reviewed,legacy-import,legacy-unknown,e44c04bdb9946502634d3a0850bfd13c81984a51ef2b4835683b289d5db99f70,What causes tides?
5005-239,5005,Science,Earth Science,hard,single-select,human-reviewed,legacy-import,legacy-unknown,15f0066f740d30d3a0d9bf1d0845eb74f53854d6cda2410b1f2ecdf11c2e25ab,Students think that the moon causes tides because it is large. How to clarify?
5005-240,5005,Science,Earth Science,medium,single-select,human-reviewed,legacy-import,legacy-unknown,38e3bce6c0849c978b61f51eb8c4f7c2d8bc8b1a18c05c6dd6d0782d13ff144b,What is an aquifer?
5005-241,5005,Science,Earth Science,easy,single-select,human-reviewed,legacy-import,legacy-unknown,c1f40ef115af77cd94b2c9a6c422cece49ee06f254bc18bf4678992d5849ee2c,What is the atmosphere?
5005-242,5005,Science,Earth Science,medium,single-select,human-reviewed,legacy-import,legacy-unknown,7f1975daa79d9a112644d1ff17a1e07195ec234983b55855a9c99c4c36412487,What is the Coriolis effect's impact on weather patterns?
5005-243,5005,Science,Earth Science,hard,single-select,human-reviewed,legacy-import,legacy-unknown,b2fa2b3ef18c83414ae9965bd3bea416d3b812ff3b7f2484e6f68a3befaa9fc0,Which demonstration best shows plate tectonics?
5005-244,5005,Science,Earth Science,medium,single-select,human-reviewed,legacy-import,legacy-unknown,df4e2de636e6ca40766d3e76af3d1779af6440458df5be40f628f88ff71fb038,What is karst topography?
5002-161,5002,Reading and Language Arts,Reading,easy,single-select,human-reviewed,legacy-import,legacy-unknown,1a825f277ec7e1ea855bc56fdf58c8eaa54810f25f4798eee45fa73035a9ed8c,What is a plot?
5002-162,5002,Reading and Language Arts,Reading,medium,single-select,human-reviewed,legacy-import,legacy-unknown,bc1cc46796f45b9f0b3936153034649ddb5618507206a39a1f951b9473d41c42,Why does genre matter in reading comprehension?
5002-163,5002,Reading and Language Arts,Reading,hard,single-select,human-reviewed,legacy-import,legacy-unknown,e77f05846b3ff86af7c91019660df2f6c43d0ddbc45011ee3be2709cb9b78576,Students read passively without engaging with text. Which strategy builds active reading?
5002-164,5002,Reading and Language Arts,Reading,medium,single-select,human-reviewed,legacy-import,legacy-unknown,ebf2b03f62e924f1634d312e760279b0f15b9de0147a56a4a06413f78d37177b,What is conflict in literature?
5002-165,5002,Reading and Language Arts,Reading,easy,single-select,human-reviewed,legacy-import,legacy-unknown,4f4cb2c54cdd1b5fb9fbfb4beaa3ad3dfc4ae7acdf88a06d7b68c085bb1f31da,What is a protagonist?
5002-166,5002,Reading and Language Arts,Reading,medium,single-select,human-reviewed,legacy-import,legacy-unknown,190730c5f1cdae34d09837f6fba8c51733c6b96a14969b2c2bd6960fb9be753e,Why is tone different from mood?
5002-167,5002,Reading and Language Arts,Reading,hard,single-select,human-reviewed,legacy-import,legacy-unknown,d47240dbe19374951f0817cd1d81811ab530c952f801aaa9295dbef603ff43a6,Which approach best develops vocabulary from context?
5002-168,5002,Reading and Language Arts,Reading,medium,single-select,human-reviewed,legacy-import,legacy-unknown,381e24dc269c93786f4f81b1870d61d744dc22a28ace6a8e89e74e30b97fe35d,What is symbolism?
5002-169,5002,Reading and Language Arts,Reading,hard,single-select,human-reviewed,legacy-import,legacy-unknown,7e5b05e6bd8be1eceee431a901adcd414d52880ba7d3cb26a1a5e50d0ea8e936,Why do authors use unreliable narrators?
5005-245,5005,Science,Life Science,medium,single-select,human-reviewed,legacy-import,legacy-unknown,2d51ecb90c20d0f7ef2d18bf5dbd28f1d7b46a118dd7ee8f2628d1093b6734f9,What is the nitrogen cycle?
5005-246,5005,Science,Life Science,hard,single-select,human-reviewed,legacy-import,legacy-unknown,5430bebc23f44b309edecfaa9a444eb37a80ef6b44fe64280573a5f4cb1ab80c,Students think that predators control prey populations completely. What nuance should be added?
5005-247,5005,Science,Life Science,medium,single-select,human-reviewed,legacy-import,legacy-unknown,5bfe197d72719f36b74a05e8f1d23d9ae79964f3c237526df8c01919b216d430,What is the carbon cycle?
5005-248,5005,Science,Life Science,easy,single-select,human-reviewed,legacy-import,legacy-unknown,583726ff6c3b616c6dd54d6910a763d65d07d8ae2b997b76862f0db9038e9b1b,What is a food web?
5005-249,5005,Science,Life Science,hard,single-select,human-reviewed,legacy-import,legacy-unknown,757490b647cfaf0aea3a808b09bf59e1b5dc911c00405d2e9bb71ed476ea0b24,What is ecological succession?
5005-250,5005,Science,Life Science,medium,single-select,human-reviewed,legacy-import,legacy-unknown,a18bc4be0c11332164b66deb6bcaa217cc723b97ecfba6a50a30d372a824d205,Which lab best demonstrates limiting factors?
5005-251,5005,Science,Life Science,medium,single-select,human-reviewed,legacy-import,legacy-unknown,2edd0e01049bc7adb08888a92ec62e4bf2a4e6f334e351e356746e857783ba97,What is an invasive species?
5005-252,5005,Science,Life Science,easy,single-select,human-reviewed,legacy-import,legacy-unknown,764ce55189c6a260228fbecda30a9085aada5aba03d4f1ff77dd2c06ecefc962,What is conservation of energy in ecosystems?
5005-253,5005,Science,Life Science,hard,single-select,human-reviewed,legacy-import,legacy-unknown,c99b6a2f272c0e93e6887fa02157a263bc207486d5a371829bb34b6dd45c95d5,Students think that ecosystems are static. How to correct?
5004-171,5004,Social Studies,"United States History, Government, and Citizenship",easy,single-select,human-reviewed,legacy-import,legacy-unknown,479944426a86ca77b0dd61355d259829bc71504dd9c12abaf443dcef290b5b6a,What is the Constitution's preamble?
5004-172,5004,Social Studies,"United States History, Government, and Citizenship",medium,single-select,human-reviewed,legacy-import,legacy-unknown,7ca3849e8408f14b8f2867049e2648eea8c90b78774096c9c882250c8b58776d,What is the significance of the 19th Amendment?
5004-173,5004,Social Studies,"United States History, Government, and Citizenship",hard,single-select,human-reviewed,legacy-import,legacy-unknown,e3774c5a578e2e3885015587d6e54ed850bb8d19866f0bcb2b52acc3c60f9515,How should a teacher explain the limited political participation present at the nation’s founding?
5004-174,5004,Social Studies,"United States History, Government, and Citizenship",medium,single-select,human-reviewed,legacy-import,legacy-unknown,db6b85a1a12c5adca361621699fc21a6b1a1757e5651dd67da4e4e7ca1c27209,What is the Tenth Amendment?
5004-175,5004,Social Studies,"United States History, Government, and Citizenship",easy,single-select,human-reviewed,legacy-import,legacy-unknown,77f4d6171be663c7e0ed601a41df9c034e426eb43e8b42e05954b7b2e95c76f3,What is a census?
5004-176,5004,Social Studies,"United States History, Government, and Citizenship",medium,single-select,human-reviewed,legacy-import,legacy-unknown,79e59d74601fa962bfab95545c8ba4a8769c8088b71d2343ef7c5d7caac0e21c,What is due process?
5004-177,5004,Social Studies,"United States History, Government, and Citizenship",hard,single-select,human-reviewed,legacy-import,legacy-unknown,7de2cb4f640b8eb379fb6f58f7b8a3fe15b5f37ec639db0731a3cbd635c5c9f3,Which activity best teaches students about constitutional amendments?
5004-178,5004,Social Studies,"United States History, Government, and Citizenship",medium,single-select,human-reviewed,legacy-import,legacy-unknown,5dd34c3ec5efa022d253f40042dae47501472c138d0dfb4f910bbe0fcf1f042d,What is the Supreme Court's role in checks and balances?
5004-179,5004,Social Studies,"United States History, Government, and Citizenship",easy,single-select,human-reviewed,legacy-import,legacy-unknown,d0f5d7cbfb48f7c8f2810827e3273d45feeb9cd1f7f3ef161446082f1bc3f145,How many justices are on the Supreme Court?
5004-180,5004,Social Studies,"United States History, Government, and Citizenship",hard,single-select,human-reviewed,legacy-import,legacy-unknown,17c93025f41ed23142b3a422a799925924c06a8cb0e93c3441603fc3853755f2,What is the significance of Marbury v. Madison for civic education?
5003-098,5003,Mathematics,Algebraic Thinking,easy,single-select,human-reviewed,legacy-import,legacy-unknown,7b68847dcb6a8931ad848c50e9a2bb468d07ebb7bad90b24257b9dd759b34eaa,What is the solution to x + 7 = 15?
5003-099,5003,Mathematics,Algebraic Thinking,medium,single-select,human-reviewed,legacy-import,legacy-unknown,211ea9cc3cf2a3a039e0f84e5b6d6944974ea2c6260a58c2370a76efda9f9406,What is the difference between an expression and an equation?
5003-100,5003,Mathematics,Algebraic Thinking,hard,single-select,human-reviewed,legacy-import,legacy-unknown,aeb1e3059a371dfa042644786ef403b3253a9dc1b91892311d6b49844b66de4e,Students think that variables are always unknown numbers. How to broaden understanding?
5003-101,5003,Mathematics,Algebraic Thinking,medium,single-select,human-reviewed,legacy-import,legacy-unknown,6c853e8e517946076a334e6bf5eda79558d0fce4a0116dd777b8d8d22d75b366,"What is the slope of the line passing through (2, 3) and (4, 7)?"
5003-102,5003,Mathematics,Algebraic Thinking,easy,single-select,human-reviewed,legacy-import,legacy-unknown,0ef955243e1e13abfc7a8880f0194062167ffe0d55f1b1d14a9d4044520bf89d,Solve: 3x - 6 = 12
5003-103,5003,Mathematics,Algebraic Thinking,medium,single-select,human-reviewed,legacy-import,legacy-unknown,3c4252fe6e7807e94aaa54d691716e8e04d1d5068d8883c08f63f511db46612c,What does the 'm' represent in y = mx + b?
5003-104,5003,Mathematics,Algebraic Thinking,hard,single-select,human-reviewed,legacy-import,legacy-unknown,e5aefc7c036103b936d20931d2eb115565417b62517e28f270dc4a016e2003b9,Which representation best helps students understand linear relationships?
5003-105,5003,Mathematics,Algebraic Thinking,medium,single-select,human-reviewed,legacy-import,legacy-unknown,64daf46fa157a22c59c7a7b06d2911692ea15de733558d9551953a38a791220e,What is a system of equations?
5003-106,5003,Mathematics,Algebraic Thinking,medium,single-select,human-reviewed,legacy-import,legacy-unknown,8da7f1282d87df7a70c88fb7c99ebedb0737454b0623f01acaee6416fce526aa,"A pattern begins 4, 7, 10, 13. Which rule describes the nth term?"
5003-107,5003,Mathematics,Algebraic Thinking,hard,single-select,human-reviewed,legacy-import,legacy-unknown,ea8db2a1287365b96e2ecc2082931a822ca078ea1e2b704bf7dccedafc6e4b0a,What does the discriminant b² - 4ac indicate for a quadratic equation?
5004-181,5004,Social Studies,World History and Economics,easy,single-select,human-reviewed,legacy-import,legacy-unknown,cb670b1eb4dd5b2f37e60e4340cc0ce203da783c505448151df29bbb87cac807,What was the Renaissance's origin city?
5004-182,5004,Social Studies,World History and Economics,medium,single-select,human-reviewed,legacy-import,legacy-unknown,5277a3f556c74097329a8b1ec0254e626b0bc96bff1c83fc8b444e0aa6c06326,What caused the Protestant Reformation?
5004-183,5004,Social Studies,World History and Economics,hard,single-select,human-reviewed,legacy-import,legacy-unknown,32a2bc8cbc933dc3a6729f0d8a70006883453a0a52fde5fda3946dbb15d29b62,Students think that economic history is only about money. How to broaden?
5004-184,5004,Social Studies,World History and Economics,medium,single-select,human-reviewed,legacy-import,legacy-unknown,5def2be7fb0bba2916f1cf588391c256a32afa5a6cf94c0cbd23fb97c14de388,What is mercantilism's core principle?
5004-185,5004,Social Studies,World History and Economics,easy,single-select,human-reviewed,legacy-import,legacy-unknown,b6742adadb42d19fe3e78b3273b9cd2e742fbe37cf7c4d179b1fb67e91805afe,Which civilization developed democracy?
5004-186,5004,Social Studies,World History and Economics,medium,single-select,human-reviewed,legacy-import,legacy-unknown,3fa64f09aad75224cdff8b73d9ae9d30161513db76301f681440166f0e4f12f4,What was the main effect of the Columbian Exchange?
5004-187,5004,Social Studies,World History and Economics,hard,single-select,human-reviewed,legacy-import,legacy-unknown,3ec457c222afc44e090190d2feaf412edfc1fa71cc095fa1a44b81cfde59cccd,Which approach best teaches cause and effect in world history?
5004-188,5004,Social Studies,World History and Economics,medium,single-select,human-reviewed,legacy-import,legacy-unknown,92859721c7b3994087f3da2ccb2a1dd8c31e6b4ebfb83a141f229410d3c734bc,What is the significance of the Berlin Conference?
5005-254,5005,Science,Physical Science,medium,single-select,human-reviewed,legacy-import,legacy-unknown,e266f4bf9c67b443c65b52e34f80a898a5b9701cc3b26b6785a4be0a1cf0af18,Why do we feel weightless in orbit?
5005-255,5005,Science,Physical Science,hard,single-select,human-reviewed,legacy-import,legacy-unknown,373564ea0c3808355a8029f9c66faee7a5d90f9c243887d3383da5d1b9ba6c00,Students think that force is needed to keep an object moving. Which law corrects this?
5005-256,5005,Science,Physical Science,medium,single-select,human-reviewed,legacy-import,legacy-unknown,3d82666afe67b81355e4743dbd93170609f5f4b0acf590029723d58b12cfa590,What is the relationship between frequency and wavelength?
5005-257,5005,Science,Physical Science,easy,single-select,human-reviewed,legacy-import,legacy-unknown,df4a548e35979324b9219f715d90018192f82b1ddc7c0cd5b0d2a70f2d759bcb,What is the speed of light?
5005-258,5005,Science,Physical Science,medium,single-select,human-reviewed,legacy-import,legacy-unknown,dfd378a3e8f10def528f2227d0ba78d0c29ab1d1c17690ac8ce1ceadd2b56fe7,What is the difference between heat and temperature?
5005-259,5005,Science,Physical Science,hard,single-select,human-reviewed,legacy-import,legacy-unknown,bda45bb0274d26003e5e69f42412c29c391553fc8e442bd6fca1d3e7b808857e,Which demonstration best shows sound waves?
5005-260,5005,Science,Physical Science,medium,single-select,human-reviewed,legacy-import,legacy-unknown,73dad741e4974e85191618cd05fa0b782b66a3d0e905d298ec58bba2aa7563b9,What is the pH scale's range?
5005-261,5005,Science,Earth Science,medium,single-select,human-reviewed,legacy-import,legacy-unknown,c33f79c511b5d11d57f692524139c086ffd1259ae408cd846a1df51b91fea2f4,How do scientists date rocks relatively?
5005-262,5005,Science,Earth Science,hard,single-select,human-reviewed,legacy-import,legacy-unknown,cf14a6ea8664f5c3b7953699b7ca231f95f10caafb00fa2dbf3feafd14429f72,Students think that geologic time is too vast to understand. How to make it accessible?
5005-263,5005,Science,Earth Science,easy,single-select,human-reviewed,legacy-import,legacy-unknown,106f467c8f470cd3966e0668a7523963cf3b8c8d4ab3107b679aec5dfc4e51a1,What is the crust made of?
5005-264,5005,Science,Earth Science,medium,single-select,human-reviewed,legacy-import,legacy-unknown,56b2f04b812973e7d3c7266f66167c784c7a70981e0e7eeeb64a122ee6172067,Why do earthquakes happen at transform boundaries?
5005-265,5005,Science,Earth Science,hard,single-select,human-reviewed,legacy-import,legacy-unknown,d818a98a68e74f4ec7dec61931df88f6cca65be50be451f0815c63c2d1fe953b,Students think earthquakes are random and unpredictable. How to address?
5005-266,5005,Science,Earth Science,medium,single-select,human-reviewed,legacy-import,legacy-unknown,9fb092217f1fc8daf5ee4ba85d5a5051a8803f00f1bb3bc2aa28ae3d2fac4a65,What is a fault line?
5002-170,5002,Reading and Language Arts,Reading,easy,single-select,human-reviewed,legacy-import,legacy-unknown,3506c8f06c7156e00676ce88016a2120cdff9de833256b53ba9e639f5da528f6,What is imagery in literature?
5002-171,5002,Reading and Language Arts,Reading,medium,single-select,human-reviewed,legacy-import,legacy-unknown,d5ed9d6a9525555beb590aafbdc20d259d02f6ecb678993688ffd9e84b896d8d,Why is author's purpose important to identify?
5002-172,5002,Reading and Language Arts,Reading,hard,single-select,human-reviewed,legacy-import,legacy-unknown,b4d827f073c211ee444b119fe70b54e4501a1fdc3fff1316be0161a6fa15e04a,Students memorize plot events but cannot analyze themes. What skill gap exists?
5002-173,5002,Reading and Language Arts,Reading,medium,single-select,human-reviewed,legacy-import,legacy-unknown,03304ba1c82eb72655965e260f0a12f5fa4da3099fbacec0e35a59eba741e9e4,What is direct characterization?
5002-174,5002,Reading and Language Arts,Reading,medium,single-select,human-reviewed,legacy-import,legacy-unknown,5c8f02409550bfb7046210a2caa760e804e73e2e3ccb8afeb6ace924b67e5ea9,How does setting influence a story's mood?
5002-175,5002,Reading and Language Arts,Reading,hard,single-select,human-reviewed,legacy-import,legacy-unknown,a1980d17888ae104b179890234554d2c4d4378eb03c97fd5033fa650a9a6ebb6,Which strategy best helps students distinguish fact from opinion in texts?
5002-176,5002,Reading and Language Arts,Reading,medium,single-select,human-reviewed,legacy-import,legacy-unknown,7b29bb5eac8b63a657a99e4266de39fec1ca57a6dd4256769152272e1de326c5,What is point of view in narrative?
5002-177,5002,Reading and Language Arts,Reading,hard,single-select,human-reviewed,legacy-import,legacy-unknown,920eafa306c098e8439417fb16249d870771e07229ea05d7776385c3459af641,Why might two readers disagree about a text's meaning?
5003-108,5003,Mathematics,Numbers and Operations,medium,single-select,human-reviewed,legacy-import,legacy-unknown,1060467b8ebed16fc8b6af493ba1b8c284729b715c0de0d28416f495046e24aa,Why does dividing by a fraction mean multiplying by its reciprocal?
5003-109,5003,Mathematics,Numbers and Operations,hard,single-select,human-reviewed,legacy-import,legacy-unknown,2ae1376b8a3749d0142705e90ed388c996ef280e05ee20eb7d3c6514832b2d80,Students think that negative × negative = negative. How to correct?
5003-110,5003,Mathematics,Numbers and Operations,medium,single-select,human-reviewed,legacy-import,legacy-unknown,579765d92e9ec2b8b6438b47579ddc6b297d61b7a9a86bc657ef07dad84913bc,What is 2/5 expressed as a percentage?
5003-111,5003,Mathematics,Numbers and Operations,easy,single-select,human-reviewed,legacy-import,legacy-unknown,437b39ec3769ff8976fc1dec69dca21db5bdadcdbd8809297435373a75119771,What is the greatest common factor of 24 and 36?
5003-112,5003,Mathematics,Numbers and Operations,medium,single-select,human-reviewed,legacy-import,legacy-unknown,8b71f0c8f5ff1cff01c544b69fb471a28ecb806d09316144fe0ffae846ddc8bb,Why is 1 not considered a prime number?
5003-113,5003,Mathematics,Numbers and Operations,hard,single-select,human-reviewed,legacy-import,legacy-unknown,d955dc8824edc73dc54092285c53204842d66f90d1fdee6a84ecd5889ddddb3b,Which model best teaches fraction equivalence?
5003-114,5003,Mathematics,Numbers and Operations,medium,single-select,human-reviewed,legacy-import,legacy-unknown,f9d81bd1764478c39e296d26916fa5affb0a68e79eb32078dbbd7324d659bcaa,What is 0.75 as a fraction in simplest form?
5003-115,5003,Mathematics,Numbers and Operations,easy,single-select,human-reviewed,legacy-import,legacy-unknown,66a0c074304858d54d68f431a05f77fece06dcbaa58f33d6f27965df12c31166,What is the square root of 81?
5003-116,5003,Mathematics,Numbers and Operations,hard,single-select,human-reviewed,legacy-import,legacy-unknown,b162d3e855edbff9ee467feee06bd305ab3665ff91dd70557383f2265f91cbf1,Why is the product of any number and zero always zero?
5004-189,5004,Social Studies,"Geography, Anthropology, and Sociology",easy,single-select,human-reviewed,legacy-import,legacy-unknown,aeab55369657e89a9145d1b826881f5a28665935aee813d1d1bf9e2434bdab39,What is a culture trait?
5004-190,5004,Social Studies,"Geography, Anthropology, and Sociology",medium,single-select,human-reviewed,legacy-import,legacy-unknown,6aecc3f7d9fa18917dc73a1e3aa3775ef0f0af5ea5b50ed2272b6e1b9d9b5932,What is diffusion in cultural geography?
5004-191,5004,Social Studies,"Geography, Anthropology, and Sociology",hard,single-select,human-reviewed,legacy-import,legacy-unknown,82cb34dcdba30b9836a0f4cfcfb00d99e325aced85825fbda7a7b519790994b0,Students think that culture is static. How to correct?
5004-192,5004,Social Studies,"Geography, Anthropology, and Sociology",medium,single-select,human-reviewed,legacy-import,legacy-unknown,688ee9ff983f2c5f4f2e2b288086b41cb7570ec0331c83bb019c7f7d1184c0b9,What is ethnic identity?
5004-193,5004,Social Studies,"Geography, Anthropology, and Sociology",easy,single-select,human-reviewed,legacy-import,legacy-unknown,34ed0460619313b04158ee6c8982868e9a5a3adfa042d6d158c8bb66d916cf5d,What is urbanization's main driver?
5004-194,5004,Social Studies,"Geography, Anthropology, and Sociology",medium,single-select,human-reviewed,legacy-import,legacy-unknown,dbedc196577ba997996ffa3e4e34d7f056515ccf92af6015a4d6448b5bbc2680,How are migration and displacement related?
5004-195,5004,Social Studies,"Geography, Anthropology, and Sociology",hard,single-select,human-reviewed,legacy-import,legacy-unknown,390c5b2e472c9943a8e9ed9c9869fdd2db6ba7cbd08f2ead96e81effbf3b78db,Which approach best teaches cultural awareness?
5004-196,5004,Social Studies,"Geography, Anthropology, and Sociology",medium,single-select,human-reviewed,legacy-import,legacy-unknown,2416f97cf3946aeae909506cb8cbbec8d8aabf5c32f9614485739c5781e1f074,What is social mobility?
5004-197,5004,Social Studies,"Geography, Anthropology, and Sociology",easy,single-select,human-reviewed,legacy-import,legacy-unknown,19d119262f1d8527908afb3e3ca625b4e34b9daf11ccf91ef4b9e6f06f5652d4,What is a census used for?
5004-198,5004,Social Studies,"Geography, Anthropology, and Sociology",hard,single-select,human-reviewed,legacy-import,legacy-unknown,83c388c1f434a5909b4eb0c763ea5a2d8dceb3ef54f1351a01c558ac8f783e22,What is the demographic transition model's final stage?
5005-267,5005,Science,Life Science,easy,single-select,human-reviewed,legacy-import,legacy-unknown,fbc0c0fe47e831a95d9f39866769e5ebbc5b75010bbf03386847137d3ad41210,What is an organelle?
5005-268,5005,Science,Life Science,medium,single-select,human-reviewed,legacy-import,legacy-unknown,f56193cf338fa81abfc08a2818bdb512bb006d978bc167700313aad0ca431cd2,Why are mitochondria called the 'powerhouse' of the cell?
5005-269,5005,Science,Life Science,hard,single-select,human-reviewed,legacy-import,legacy-unknown,4c0b807fd6dd5fba0e5f4705e0d9e70ba5210f45e4c74c9575757833aefe13c8,Students think plant cells have mitochondria only because they photosynthesize. How to correct?
5005-270,5005,Science,Life Science,easy,single-select,human-reviewed,legacy-import,legacy-unknown,e63272db11608b06f2accf6f67592c3b20151d06e1b09318b84cca7290cc5ed7,What is the endoplasmic reticulum's role?
5005-271,5005,Science,Life Science,hard,single-select,human-reviewed,legacy-import,legacy-unknown,f3cc9e3f89afc5fb105af80a8c7acd2e02fdbedde60da26e8bf3541214357dd6,What is the endosymbiotic theory?
5005-272,5005,Science,Life Science,medium,single-select,human-reviewed,legacy-import,legacy-unknown,4cebb9ca9f3cf06d161dea7fa2b31cb16c8f6d9fa33dde154e69955387bb2a51,Which analogy best represents the cell as a factory?
5005-273,5005,Science,Life Science,medium,single-select,human-reviewed,legacy-import,legacy-unknown,09e96330359e126fce6c04d6eb30406ae2d2997a8f11608049e23502860980ad,What is the Golgi apparatus function?
5005-274,5005,Science,Life Science,easy,single-select,human-reviewed,legacy-import,legacy-unknown,f371eaf08e08c5121f1c9a1281cb011a94210db2bccc1e4fe22dece88f5b487a,What is a lysosome?
5005-275,5005,Science,Life Science,hard,single-select,human-reviewed,legacy-import,legacy-unknown,c86236f1a354f1229c18714e679c4f5285255187f297847dd7c511259b0a3793,Why do cells specialize (differentiate)?
5005-276,5005,Science,Physical Science,easy,single-select,human-reviewed,legacy-import,legacy-unknown,e6c9afa0645332d2baa803d988d55af306f7e20dc7d5c3fafb5d8686cfdec894,What is inertia?
5005-277,5005,Science,Physical Science,medium,single-select,human-reviewed,legacy-import,legacy-unknown,0aee167c4b3b9a0d8d3eb09a511ada1028a7dbac40224d9454caf0727c00270e,Why does a ball thrown upward eventually fall back down?
5005-278,5005,Science,Physical Science,hard,single-select,human-reviewed,legacy-import,legacy-unknown,179a1a995d54bd21c4d0682b7efe6d2748722f150be3e85e7ded8418d440494b,Students think heavier objects fall faster in the absence of air resistance. Which demonstration bes
5005-279,5005,Science,Physical Science,medium,single-select,human-reviewed,legacy-import,legacy-unknown,d3dd3a8171a8dfa6fdce5d883773fab61a5815a0842f4270c800513153a5d76a,What is momentum?
5005-280,5005,Science,Physical Science,easy,single-select,human-reviewed,legacy-import,legacy-unknown,dbe2ccbaacd8ffcbc6ca39e06f2ca6f395c6e5435485b13f6aa1f36b3c4c78c3,What is friction?
5005-281,5005,Science,Physical Science,medium,single-select,human-reviewed,legacy-import,legacy-unknown,8f08762067c32fc4e7daf198543936323a55f9c209dab11b60ee15ba401525fb,What is potential energy stored in a compressed spring called?
5005-282,5005,Science,Physical Science,hard,single-select,human-reviewed,legacy-import,legacy-unknown,edcad4c057c1a22c59288dcc7620cea1612b405bdbd6e17f5acfdca64e8d78b4,Which experiment best demonstrates conservation of momentum?
5005-283,5005,Science,Physical Science,medium,single-select,human-reviewed,legacy-import,legacy-unknown,de58a6831e353263899f85cdea7d985392effeefdee487e68adf0aadfc6a2589,What is work in physics?
5005-284,5005,Science,Physical Science,easy,single-select,human-reviewed,legacy-import,legacy-unknown,b02667f5efc1ec38753a38770bea1078ec26be05060969b55ba3bc9583ec24d8,What is the unit of energy?
5005-285,5005,Science,Physical Science,hard,single-select,human-reviewed,legacy-import,legacy-unknown,54093965568ac43895ab5b8118374e62f07398bc2eadd4d7119265aefc1a246e,Why does a rocket accelerate upward despite no air to push against?
5002-178,5002,Reading and Language Arts,"Writing, Speaking, and Listening",easy,single-select,human-reviewed,legacy-import,legacy-unknown,0ae554eac5f697aba920ffad7c6400831d73c97926dc5906e090882282b80b2b,What is the first step in the writing process?
5002-179,5002,Reading and Language Arts,"Writing, Speaking, and Listening",medium,single-select,human-reviewed,legacy-import,legacy-unknown,a8c2af3931fa44e804ce22916fc70a817b9fbf38e18062863b6c33f998e4fc2b,Why is peer review valuable in writing instruction?
5002-180,5002,Reading and Language Arts,"Writing, Speaking, and Listening",hard,single-select,human-reviewed,legacy-import,legacy-unknown,b04576344944fb7a5dd7b27fb0064d72a70c6de82dffd7912a48ab82895f53dd,Students write complete sentences but lack coherence between them. Which skill needs development?
5002-181,5002,Reading and Language Arts,"Writing, Speaking, and Listening",medium,single-select,human-reviewed,legacy-import,legacy-unknown,000d785cb3b482607157dabf80ba3f742bc606887b567ce74d474a4749865098,What is a revision checklist used for?
5002-182,5002,Reading and Language Arts,"Writing, Speaking, and Listening",easy,single-select,human-reviewed,legacy-import,legacy-unknown,63aa5e87a92be67d3f1b4b0803745cb4ab1e4b55659e4541fb6a496cb53a2c56,What is the purpose of an outline?
5002-183,5002,Reading and Language Arts,"Writing, Speaking, and Listening",medium,single-select,human-reviewed,legacy-import,legacy-unknown,5f5de0a562dce649f0817ca27c2b01982c366833b69127a12fcfce51bd0b7c6a,Why is the writing process recursive rather than linear?
5002-184,5002,Reading and Language Arts,"Writing, Speaking, and Listening",hard,single-select,human-reviewed,legacy-import,legacy-unknown,f5af30ba3212c4969cf547dd9b4c2e6d695f70c71d452e7bc39cb943823d0e7d,Students struggle with spoken presentations. Which scaffold helps most?
5002-185,5002,Reading and Language Arts,"Writing, Speaking, and Listening",medium,single-select,human-reviewed,legacy-import,legacy-unknown,8aa5ad02a81bd5b2c5f36ebf2437359cd07737b3b0f452ca226e02669556cf8f,What is a call to action in persuasive writing?
5002-186,5002,Reading and Language Arts,"Writing, Speaking, and Listening",easy,single-select,human-reviewed,legacy-import,legacy-unknown,c2adf8edab156ee13e2ce616ae39e35136400af24bd13536c3554f8c4a60dd4a,What is active listening?
5002-187,5002,Reading and Language Arts,"Writing, Speaking, and Listening",hard,single-select,human-reviewed,legacy-import,legacy-unknown,bfcc2c7d88404770311885413453ec9fbbda92ca1815dc749690e1921403de3d,Why is writing process instruction important across disciplines?
5004-199,5004,Social Studies,World History and Economics,easy,single-select,human-reviewed,legacy-import,legacy-unknown,667e42f7dc1a550cee49404933d9b06997913aabb113a18f7c9587cddbfc9bb0,What triggered the French Revolution?
5004-200,5004,Social Studies,World History and Economics,medium,single-select,human-reviewed,legacy-import,legacy-unknown,9a6b4d65fb5f2517b2df382c0784837f45c4b68ce9cafc6f4dc4fa8e7ddbe2ab,What was the main economic impact of colonialism on Africa?
5004-201,5004,Social Studies,World History and Economics,hard,single-select,human-reviewed,legacy-import,legacy-unknown,adf0ea81350015bb7891d1908655f474ab72a9d17cf15002e90d028d30f667b0,Students think history is just memorizing dates. How to shift to historical thinking?
5004-202,5004,Social Studies,World History and Economics,medium,single-select,human-reviewed,legacy-import,legacy-unknown,647d510486a4b1a563eaf242f77f883760f0d7c90b6885b40346d92bf3400f06,What is the legacy of the Silk Road?
5004-203,5004,Social Studies,World History and Economics,easy,single-select,human-reviewed,legacy-import,legacy-unknown,666681c9a3bf15de42dd1111965f506b1b6a3dc0d890dce29e9e108108231631,Who led the Chinese Communist Revolution in 1949?
5004-204,5004,Social Studies,World History and Economics,medium,single-select,human-reviewed,legacy-import,legacy-unknown,5cfd7e5e34f89ebb395ad1033ba68e35d2e82bd21cd2cf2387bf01a0998613f3,What is the significance of the Magna Carta for global governance?
5004-205,5004,Social Studies,World History and Economics,hard,single-select,human-reviewed,legacy-import,legacy-unknown,c13a99ad6197154c737fbbf992de1e84e52fb227c58ff9f55927fdd8953d9c53,Which activity best teaches students about historical causation?
5004-206,5004,Social Studies,World History and Economics,easy,single-select,human-reviewed,legacy-import,legacy-unknown,dcab25ad4227a0d376c616235ed8375b750b8122a462b89c85e3e66f49fe4215,What is the Enlightenment?
5004-207,5004,Social Studies,World History and Economics,hard,single-select,human-reviewed,legacy-import,legacy-unknown,21b782ac8506ffa9baf4cfb88f039a28eeeb6dc15ecb84668add7a39dd642500,Why did industrialization begin in Britain first?
5003-117,5003,Mathematics,Algebraic Thinking,easy,single-select,human-reviewed,legacy-import,legacy-unknown,2680275f68f6cc398372c96bd8eb97c85687e9c1f263ac42b3f8770e9b70f96d,What is the slope of a horizontal line?
5003-118,5003,Mathematics,Algebraic Thinking,medium,single-select,human-reviewed,legacy-import,legacy-unknown,ef7be057a9649d40c9183a7bae2b6976159a3c31389914d95d81cef8ad1fdfcc,What does the y-intercept represent in a real-world linear model?
5003-119,5003,Mathematics,Algebraic Thinking,medium,single-select,human-reviewed,legacy-import,legacy-unknown,d3ee10d6c313a5190735bd237b0766953c69221b7cb5f543aeab6630e8dfbd84,A student translates 'three more than twice a number' as 3(x + 2). Which feedback best addresses the
5003-120,5003,Mathematics,Algebraic Thinking,medium,single-select,human-reviewed,legacy-import,legacy-unknown,6b59e90e9feece4f3da98d8c1658b9c61ef282251314e672fddae410e5f83682,How do you find the x-intercept of y = 3x - 9?
5003-121,5003,Mathematics,Algebraic Thinking,easy,single-select,human-reviewed,legacy-import,legacy-unknown,f33dc256b32bba0315719e9c7a55d0b27cea9a6281a2de5798e64063d786da97,What is the solution to 5x = 35?
5003-122,5003,Mathematics,Algebraic Thinking,medium,single-select,human-reviewed,legacy-import,legacy-unknown,0e28e70827c87211f7fe002dfbd1b9bf84e2a89f649712729aa9fcd2d4166057,When do two linear equations have no solution?
5003-123,5003,Mathematics,Algebraic Thinking,hard,single-select,human-reviewed,legacy-import,legacy-unknown,5767ec859031e8707c1e000b4fb6a8dcad228875343b7a92813ec00b7028905b,Which representation best helps students understand slope as a rate?
5003-124,5003,Mathematics,Algebraic Thinking,medium,single-select,human-reviewed,legacy-import,legacy-unknown,c386bd6f498509ca546d88799ffa6516c5d9f6766cbe2a863f9449c76354bada,Solve: 4(x - 2) = 20
5003-125,5003,Mathematics,Algebraic Thinking,easy,single-select,human-reviewed,legacy-import,legacy-unknown,b094ec05b41a762c8cde1fdfc62a996f431b45eadb174d65b7e375a87c8f1dcb,"What is the slope of the line through (0, 3) and (4, 11)?"
5003-126,5003,Mathematics,Algebraic Thinking,hard,single-select,human-reviewed,legacy-import,legacy-unknown,baf9ba63803c001c8d46ece9d0413166d793ce86f73d23d9435dd76c7f031658,What is the significance of a negative slope in context?
5005-286,5005,Science,Earth Science,easy,single-select,human-reviewed,legacy-import,legacy-unknown,f7b1ac4365fbc90a2eb89ece785ddc16e94f3a0e0b057049572124c0ef9d2e4c,What is the geosphere?
5005-287,5005,Science,Earth Science,medium,single-select,human-reviewed,legacy-import,legacy-unknown,c9bbe99129fbefec4a30ce5b09ebe8d291a5f9b25c26425651569d6ff2b0160e,How do scientists determine Earth's age?
5005-288,5005,Science,Earth Science,hard,single-select,human-reviewed,legacy-import,legacy-unknown,9150a87d536e99b0570b6f354f92a5a63caf8d1e4ce962a4bf04c3a06ad24434,Students think that rocks never change once formed. How to correct?
5005-289,5005,Science,Earth Science,medium,single-select,human-reviewed,legacy-import,legacy-unknown,688825781f1fb822a46a8064299b7470e73d44baf9b3f79a50ce48bf04c3c569,What is the Mohs hardness scale based on?
5005-290,5005,Science,Earth Science,easy,single-select,human-reviewed,legacy-import,legacy-unknown,503d4744a137fa473297ab88b7afb15bf72276676c66eac17133e59ca09cbd98,What is a mineral's luster?
5005-291,5005,Science,Earth Science,medium,single-select,human-reviewed,legacy-import,legacy-unknown,f21b973610e84cf1a6328116dc3c81fc7a9e2de6e340841c3dfe51ac2f49309e,Why do sedimentary rocks form in layers?
5005-292,5005,Science,Earth Science,hard,single-select,human-reviewed,legacy-import,legacy-unknown,e3d6d961c63e133c92a7c847241638681a0699e43956ce83c888b90849cffb25,Which hands-on activity best teaches rock identification?
5005-293,5005,Science,Earth Science,medium,single-select,human-reviewed,legacy-import,legacy-unknown,c950b2ea2a6e00341e1c63543c10b68a62f74586a387b8b176452568485c2700,What is magma?
5005-294,5005,Science,Earth Science,easy,single-select,human-reviewed,legacy-import,legacy-unknown,dc000b870d1b50703af02a9f8cde264b5911d4bc701cb92b5d470a16176ffc71,What is erosion?
5005-295,5005,Science,Earth Science,hard,single-select,human-reviewed,legacy-import,legacy-unknown,41dfdbc4e8488e636fbce1192d0d22c7fd53404e13f062b94cef7584a829e9fd,Why are some mountains volcanic while others are folded?
5003-127,5003,Mathematics,"Geometry and Measurement, Data, Statistics, and Probability",easy,single-select,human-reviewed,legacy-import,legacy-unknown,11422abd2840d3496c6552b2b47f6f64e4282963602ee175195c1cbd452d9d64,What is the area of a triangle with base 10 and height 6?
5003-128,5003,Mathematics,"Geometry and Measurement, Data, Statistics, and Probability",medium,single-select,human-reviewed,legacy-import,legacy-unknown,4362e8239d7ce5eaa3e93a9799f72e447bc59bb8a99eef70bbae562dec2ce441,Why is the volume formula for a pyramid ⅓ × base × height?
5003-129,5003,Mathematics,"Geometry and Measurement, Data, Statistics, and Probability",hard,single-select,human-reviewed,legacy-import,legacy-unknown,d9764e334c7f8f2a1be728c408ad7792af0e383ee3b925212167327e71d037e0,Students confuse area and perimeter formulas. Which manipulative helps distinguish them?
5003-130,5003,Mathematics,"Geometry and Measurement, Data, Statistics, and Probability",medium,single-select,human-reviewed,legacy-import,legacy-unknown,061ad0a7469543c0bdbac7346e1e7a3d3f91f98bc5ed7331e19d9e50a6324714,What is the circumference of a circle with diameter 10 (use π ≈ 3.14)?
5003-131,5003,Mathematics,"Geometry and Measurement, Data, Statistics, and Probability",easy,single-select,human-reviewed,legacy-import,legacy-unknown,e72eee3385fa3b8d47fb75c2099659999f1cb5f044cb5692d356c701a3f9d4b3,"What is the median of 5, 10, 15, 20, 25?"
5003-132,5003,Mathematics,"Geometry and Measurement, Data, Statistics, and Probability",medium,single-select,human-reviewed,legacy-import,legacy-unknown,5dcbfe1e245b471e4b5d51361f73d9dcac4e56b81144ee406324e566151ac709,What is the probability of drawing an ace from a standard 52-card deck?
5003-133,5003,Mathematics,"Geometry and Measurement, Data, Statistics, and Probability",hard,single-select,human-reviewed,legacy-import,legacy-unknown,7c4db133fad072642862c24572a5cc3814142ec8fc5fc0d492c121a52946b2e9,Which tool best helps students understand volume of irregular shapes?
5003-134,5003,Mathematics,"Geometry and Measurement, Data, Statistics, and Probability",easy,single-select,human-reviewed,legacy-import,legacy-unknown,7e9a985b25bfede29e0a833bdb4e05d1b659e6aeb68d8290b0885721f194dc00,"What is the range of 4, 8, 12, 16, 20?"
5003-135,5003,Mathematics,"Geometry and Measurement, Data, Statistics, and Probability",hard,single-select,human-reviewed,legacy-import,legacy-unknown,2faf3327b7a1596d98ac6d0755456a86d3f4d99799d5ab01a4584cf3fba69ab8,Why is the sum of angles in a triangle always 180°?
5004-208,5004,Social Studies,"United States History, Government, and Citizenship",easy,single-select,human-reviewed,legacy-import,legacy-unknown,78255e4d231c048394eff5ce6537bf9e9b8878ab7b35d0a0c30c06f6efd843d9,What is the federal budget process?
5004-209,5004,Social Studies,"United States History, Government, and Citizenship",medium,single-select,human-reviewed,legacy-import,legacy-unknown,4658bd3f3e8944e0751bb00271910b55124af8b98b04ba25dde8f6b4305df36b,What is the significance of the 14th Amendment?
5004-210,5004,Social Studies,"United States History, Government, and Citizenship",hard,single-select,human-reviewed,legacy-import,legacy-unknown,bab3294f9ea3b1408d08943ad2ce4e4e4d02f88bb2233e6ca62b673a715bf72a,Students think government is only about politics and voting. How to broaden understanding?
5004-211,5004,Social Studies,"United States History, Government, and Citizenship",medium,single-select,human-reviewed,legacy-import,legacy-unknown,c1f60657ce19ad321fddc1b07513d8fcb00e0fcfbd7b478d52a3d8cca0cbf7f1,What is the role of interest groups?
5004-212,5004,Social Studies,"United States History, Government, and Citizenship",easy,single-select,human-reviewed,legacy-import,legacy-unknown,bdb416f44bd7a7f9cc2e921af5626ccf772b3c1f8bfba497ee96fbcb553dd1bf,How many senators represent each state?
5004-213,5004,Social Studies,World History and Economics,medium,single-select,human-reviewed,legacy-import,legacy-unknown,7425dadd6e7f9a1c6523198ac4a96632248634df74d7b0c3cfedab8bda9be988,What is the role of the Federal Reserve?
5004-214,5004,Social Studies,"United States History, Government, and Citizenship",hard,single-select,human-reviewed,legacy-import,legacy-unknown,5d64fdab9388a8aae75f2ac65f4668a05b2651935737022f58f83225d223bd23,Which simulation best teaches students about the legislative process?
5004-215,5004,Social Studies,"United States History, Government, and Citizenship",medium,single-select,human-reviewed,legacy-import,legacy-unknown,73bffa3f3f50aa0dd0b6e9c8f10de1f86bf160cb49609af2b68d0e06f3297405,What is the Electoral College's current total number of electors?
5004-216,5004,Social Studies,"United States History, Government, and Citizenship",easy,single-select,human-reviewed,legacy-import,legacy-unknown,45dfd72d15b263ad58894ed6c7a4f7436d7a39492ac45e8f88b87cce187a5eec,Who was the longest-serving U.S. president?
5004-217,5004,Social Studies,"United States History, Government, and Citizenship",hard,single-select,human-reviewed,legacy-import,legacy-unknown,3c378f973ffd139455ab38a86908516ed86b385cca8ad6bae5a545b09b0d2f7d,What is the tension between national and state power called in modern context?
5005-296,5005,Science,Physical Science,easy,single-select,human-reviewed,legacy-import,legacy-unknown,6248b8b929684a9db1180398d5e649a028099988fa00d78c359d1464ca9f492b,What is the atomic number of carbon?
5005-297,5005,Science,Physical Science,medium,single-select,human-reviewed,legacy-import,legacy-unknown,98bc004b63fbbc87123fc5e2331e305cd668b9d70170efd39d745080ed926b01,Why do isotopes of the same element have different masses?
5005-298,5005,Science,Physical Science,hard,single-select,human-reviewed,legacy-import,legacy-unknown,5bb7e6450289f909ca2da53e1712b149aab1d08dd584c3a293d6fdecb1efe4d3,Students ask why solid objects do not pass through one another if atoms contain large regions withou
5005-299,5005,Science,Physical Science,medium,single-select,human-reviewed,legacy-import,legacy-unknown,2981c983a171feda6890ab1f388d3ed3f6288396002b86fbaafabf97ba2ebae4,What is an ion?
5005-300,5005,Science,Physical Science,easy,single-select,human-reviewed,legacy-import,legacy-unknown,4995a411181ca71d7c8c1911aa15dd8aac4cb78b70c41617365d7dd2bb0f96fa,What is the periodic table organized by?
5005-301,5005,Science,Physical Science,medium,single-select,human-reviewed,legacy-import,legacy-unknown,a1d5f4e131f6b284f77d420f7a1f47b48b113d456a11ee1f7aa21872822bc593,Why do elements in the same group have similar properties?
5005-302,5005,Science,Physical Science,hard,single-select,human-reviewed,legacy-import,legacy-unknown,1c956d0c20ad3d9fc20ac30a20fd5df2780ad0e24d8234204f0fc96bfc68ad57,Which model best represents atomic structure for students?
5005-303,5005,Science,Physical Science,medium,single-select,human-reviewed,legacy-import,legacy-unknown,39c7b2453e6b5a35357063c0ac114bfaa0ebe3a3b711aac5916a3768a5f5b99c,What is a chemical bond?
5005-304,5005,Science,Physical Science,easy,single-select,human-reviewed,legacy-import,legacy-unknown,02dc749a83e51e83612bc3df84f227673b726b2c03a14411f49e1d751e2befa2,What is an element's atomic mass approximately equal to?
5005-305,5005,Science,Physical Science,hard,single-select,human-reviewed,legacy-import,legacy-unknown,1bc370b358a30a4936cb69f2acdac7677b9fc96e69453ac62f3ea54aeb0e02c9,Why do noble gases rarely form compounds?
5002-188,5002,Reading and Language Arts,Reading,easy,single-select,human-reviewed,legacy-import,legacy-unknown,bdccf46b04d96f215d315e0cc98647b548b3a6203c4b7f35ee4aef8dcae9cda1,What is a theme statement?
5002-189,5002,Reading and Language Arts,Reading,medium,single-select,human-reviewed,legacy-import,legacy-unknown,6a7d9f8d1240cb57cdb9f243f3be7dddd563d1d5422de99893d5923d10968f3b,Why is structure important in expository writing?
5002-190,5002,Reading and Language Arts,Reading,hard,single-select,human-reviewed,legacy-import,legacy-unknown,e4acc6e28b7bfb325c560352b61780a35a90a93b3ef606011538cecc894fcce5,A student decodes grade-level text accurately and understands the vocabulary but cannot make inferen
5002-191,5002,Reading and Language Arts,Reading,medium,single-select,human-reviewed,legacy-import,legacy-unknown,55c28351b5253da7d590771054feab4f2ebadee5ec5fadc254f895c1da6226d5,What is dramatic irony?
5002-192,5002,Reading and Language Arts,Reading,easy,single-select,human-reviewed,legacy-import,legacy-unknown,2b136a355245625b3c1b0682678dfbdfa166559a6dae804268ecca8d34900e29,What is a legend?
5002-193,5002,Reading and Language Arts,Reading,medium,single-select,human-reviewed,legacy-import,legacy-unknown,9a771d97fcdb8aee8ba4ac39f6fdae472b812b0331f01323667a7180692254c9,How does author's word choice (diction) affect meaning?
5002-194,5002,Reading and Language Arts,Reading,hard,single-select,human-reviewed,legacy-import,legacy-unknown,410721a3b03c173d5d21d4d672264c59b4463b19c3c77b7187bbdc9de3bca338,Which strategy best develops inferential comprehension?
5002-195,5002,Reading and Language Arts,Reading,medium,single-select,human-reviewed,legacy-import,legacy-unknown,6e7e458668d370d5b36210753a6103c8627ce0e1ce1af3e7fb89f0f793a21cf9,What is allegory?
5002-196,5002,Reading and Language Arts,Reading,easy,single-select,human-reviewed,legacy-import,legacy-unknown,a3188b6bf8aefce3dac34971c1700e4f8c949f4d7145dfb8a2ecaf05a005b512,What is a cliffhanger?
5005-306,5005,Science,Life Science,easy,single-select,human-reviewed,legacy-import,legacy-unknown,3da87f91cb8e38b26d1cbeafe926a35b832814bd3d141ace54bfbaa438110130,What is photosynthesis?
5005-307,5005,Science,Life Science,medium,single-select,human-reviewed,legacy-import,legacy-unknown,cb3c222fcf9e0248315cffe51aba1a4f8b527c4000795e0ee53ccd37ac9ca7ae,Why are photosynthesis and cellular respiration complementary?
5005-308,5005,Science,Life Science,hard,single-select,human-reviewed,legacy-import,legacy-unknown,ca9f00e60121a0ecc5ed62d7464239f8814ce781121f63c1ddffd30a46243cc1,Students think plants get food from soil. How to correct?
5005-309,5005,Science,Life Science,medium,single-select,human-reviewed,legacy-import,legacy-unknown,4f68201132d3a6548060f574618e08d9e994c741c42e7ac585880469dea13e1f,What is the role of chlorophyll?
5005-310,5005,Science,Life Science,easy,single-select,human-reviewed,legacy-import,legacy-unknown,153f418febe726632d2203178783e362eb564d3e5ba294f361ab4561998cfbf0,What is the equation for cellular respiration?
5005-311,5005,Science,Life Science,hard,single-select,human-reviewed,legacy-import,legacy-unknown,73c185772c1d54408d35c9b5d261a7101e5381c098cc633a069385f49f0c2d76,Why can some bacteria use anaerobic respiration in oxygen-poor environments?
5005-312,5005,Science,Life Science,medium,single-select,human-reviewed,legacy-import,legacy-unknown,7c73ac7837f2f6645ef39d95720ca62dcd618e43823a29afbb98c7fcf33508c6,Which lab best demonstrates gas exchange in plants?
5005-313,5005,Science,Life Science,medium,single-select,human-reviewed,legacy-import,legacy-unknown,9eb57c9d8679c797b6ae5d11b96d2dba7a920cd5ff58a81db23ebd1132eed66a,What is fermentation?
5005-314,5005,Science,Life Science,easy,single-select,human-reviewed,legacy-import,legacy-unknown,650df79707cae40b3e2b8c749ebc57121d1086d944ddeeced19dbde2a17cf02c,What is the primary energy carrier in cells?
5005-315,5005,Science,Life Science,hard,single-select,human-reviewed,legacy-import,legacy-unknown,1eb1e3468b61fabd18303feb1237e940532942d2f5faa163b06d8995d5ea44f9,Why is the Calvin cycle called 'light-independent' if it needs light indirectly?
5004-218,5004,Social Studies,World History and Economics,easy,single-select,human-reviewed,legacy-import,legacy-unknown,deb11d5d4307293e518a0ff1ae8cac6047229fb398db5346d83214025bd11592,What is the Renaissance?
5004-219,5004,Social Studies,World History and Economics,medium,single-select,human-reviewed,legacy-import,legacy-unknown,a62bfd20448299c077157613fb9917ca3307f3a67308fbb21fff6306175d147e,What was the main economic impact of the Industrial Revolution?
5004-220,5004,Social Studies,World History and Economics,hard,single-select,human-reviewed,legacy-import,legacy-unknown,03708435ab020485a471e55013054f15ad4f09d9787d73588b476ef9c2203682,Students think the World Wars were inevitable. How to nuance this?
5004-221,5004,Social Studies,World History and Economics,medium,single-select,human-reviewed,legacy-import,legacy-unknown,c8ef7b52bfe6a6e959b2257d64e9366226e47385eae5be25c5c83ea45875de92,What caused the Great Depression?
5004-222,5004,Social Studies,World History and Economics,easy,single-select,human-reviewed,legacy-import,legacy-unknown,e658fc24f5e4977a44314935616d066f1911e7256b180e9d90a873fc42f84392,Which civilization built Machu Picchu?
5004-223,5004,Social Studies,World History and Economics,medium,single-select,human-reviewed,legacy-import,legacy-unknown,65669904d5053283cea60d2473845619b7263cf7c080550ca3bfbbd7dd34e792,What is the significance of the Marshall Plan?
5004-224,5004,Social Studies,World History and Economics,hard,single-select,human-reviewed,legacy-import,legacy-unknown,4a1a4b7e5aa543173a50c03b4a3401bd3a7a9240fb7989593c144346f05bb710,Which approach best teaches students about economic systems historically?
5004-225,5004,Social Studies,World History and Economics,medium,single-select,human-reviewed,legacy-import,legacy-unknown,fe20fde0cbfd9a4ab01486db919297d6bdba68e15d6958bc6ca96e00d42655c0,What was the Cold War?
5004-226,5004,Social Studies,World History and Economics,easy,single-select,human-reviewed,legacy-import,legacy-unknown,572dfface8ed4c5094f080d45d6364c98bd64f2eccabb0a47c25bf046092922b,Who was Cleopatra?
5004-227,5004,Social Studies,World History and Economics,hard,single-select,human-reviewed,legacy-import,legacy-unknown,b20ffd703c0eeaca7d55929143f9db5cd889367cb5ba0763dc3a45031171db59,Why did the Ottoman Empire decline?
5003-136,5003,Mathematics,Numbers and Operations,easy,single-select,human-reviewed,legacy-import,legacy-unknown,5f27e442a8f26f385beb64989ed194273faf2512ad0c6ab7a5e95e3acd90dead,What is 1/3 expressed as a decimal?
5003-137,5003,Mathematics,Numbers and Operations,hard,single-select,human-reviewed,legacy-import,legacy-unknown,22828860a28d2442200589426c7bed5846f2800cefb3d810a343e0ba71566ac0,Students think that 0.5 is bigger than 0.25 because 5 > 25. How to correct?
5003-138,5003,Mathematics,Numbers and Operations,medium,single-select,human-reviewed,legacy-import,legacy-unknown,18e399327e995dfdde0c273680ea9aa0a45010f0d8574018bab78ae0db215a4f,What is the sum of the interior angles of a triangle?
5003-139,5003,Mathematics,Numbers and Operations,easy,single-select,human-reviewed,legacy-import,legacy-unknown,0777ad72e926664f1014329c14245b80a7381f206f86127fd84d24aa31b38731,What is 3/4 + 1/2?
5003-140,5003,Mathematics,Numbers and Operations,medium,single-select,human-reviewed,legacy-import,legacy-unknown,9566af3d91cf4ffc27aeaa032f3c0d4057fced573a5d010f022683c4c2c137a5,Why can you not add fractions with different denominators directly?
5003-141,5003,Mathematics,Numbers and Operations,hard,single-select,human-reviewed,legacy-import,legacy-unknown,18713829ebce678ca175f6e95694792bfd92ea809f901d83ac3ff1d7a49e1396,Which model best teaches fraction division?
5003-142,5003,Mathematics,Numbers and Operations,medium,single-select,human-reviewed,legacy-import,legacy-unknown,bec28e2d20f789ea6dde5e6ef41021e3bd8be22604a37e3f4b2f730bb7b3eb8e,What is 25% of 80?
5003-143,5003,Mathematics,Numbers and Operations,easy,single-select,human-reviewed,legacy-import,legacy-unknown,4d57b21718f8b50afe248516a93c86600a92e6d3edf5f4f0ed94680e3c664d17,What is the reciprocal of 3/5?
5003-144,5003,Mathematics,Numbers and Operations,hard,single-select,human-reviewed,legacy-import,legacy-unknown,c190c3621fb33346db0f42a349a44b988edd0618e70154aba051c44f3158d1ce,Why is the set of rational numbers closed under division (except by zero)?
5005-316,5005,Science,Earth Science,easy,single-select,human-reviewed,legacy-import,legacy-unknown,a029b2feebbf1834442bd8bb4a725cf226f1618fd86b92b82b5cc12e53316e42,What is the biosphere?
5005-317,5005,Science,Earth Science,medium,single-select,human-reviewed,legacy-import,legacy-unknown,bf868ddcf1b68dd84b9814b24c6a7f7685b5b6bfd723caa904a434ccfbc74c20,Why do continental shelves have high biodiversity?
5005-318,5005,Science,Earth Science,hard,single-select,human-reviewed,legacy-import,legacy-unknown,4e636e3e091eeec5912c0245e95628955c31dc9dc7bad7772c255946e85d06a5,Students think that all earthquakes happen at plate boundaries. How to correct?
5005-319,5005,Science,Earth Science,medium,single-select,human-reviewed,legacy-import,legacy-unknown,c29c27f2d7096bc03d94aa2069a82025b4eccfa32c9ae95f7fa57b3a797e9b2d,What is a tsunami?
5005-320,5005,Science,Earth Science,easy,single-select,human-reviewed,legacy-import,legacy-unknown,9949b6706adc82064e1442dd9ba7dc9ad090691abd8d469641fbe5e20d0e4f85,What is the atmosphere's ozone layer's function?
5005-321,5005,Science,Earth Science,medium,single-select,human-reviewed,legacy-import,legacy-unknown,aa2b9a7c710c4076d6935b831c9413254a34ff0ee886717cd797e4d544b64d0d,Why does the Coriolis effect deflect objects to the right in the Northern Hemisphere?
5005-322,5005,Science,Earth Science,hard,single-select,human-reviewed,legacy-import,legacy-unknown,a284f0f00797bfdb9f48a99182738b4e712adff8535a30a8514a44ef8c5facef,Which demonstration best shows the water cycle?
5005-323,5005,Science,Earth Science,medium,single-select,human-reviewed,legacy-import,legacy-unknown,93c6675e6573c1cb149b69a5b539280343e5f4359a4df7cf8e829a0854df3f1f,What is a rift valley?
5005-324,5005,Science,Earth Science,hard,single-select,human-reviewed,legacy-import,legacy-unknown,893c2e619e855da9b47893dd0f29397d3ee759db5082a46b0f1dbc3532e9e6be,Why can earthquakes occur within tectonic plates as well as at their boundaries?
5003-145,5003,Mathematics,"Geometry and Measurement, Data, Statistics, and Probability",easy,single-select,human-reviewed,legacy-import,legacy-unknown,a645702cb6957bd45ca41558d988505f4e85b8e9f9bf0dd62c3c74c20075c03b,What is the area of a rectangle with length 8 and width 5?
5003-146,5003,Mathematics,"Geometry and Measurement, Data, Statistics, and Probability",medium,single-select,human-reviewed,legacy-import,legacy-unknown,599ea907342658ab245f11144658cf261551ef52a49d77a4a171ba4e5552449d,Why does the area formula for a parallelogram equal base × height?
5003-147,5003,Mathematics,"Geometry and Measurement, Data, Statistics, and Probability",hard,single-select,human-reviewed,legacy-import,legacy-unknown,6201a9550c34440008d2adaaa0f6616fd0c61f2689d7856a549e7a9146c5eff9,Students confuse circumference and area of circles. Which comparison helps?
5003-148,5003,Mathematics,"Geometry and Measurement, Data, Statistics, and Probability",medium,single-select,human-reviewed,legacy-import,legacy-unknown,0d85af52f51fb7843abd902a4790bf70353e51277500a201e000ef1b2fcb6938,"What is the mean of 12, 15, 18, 21, 24?"
5003-149,5003,Mathematics,"Geometry and Measurement, Data, Statistics, and Probability",easy,single-select,human-reviewed,legacy-import,legacy-unknown,9de0e89cb22b8ebf7c3b57f6425916fd5f5a66d0e9024e2e23c8ae28b18a4809,What is the volume of a cube with side length 4?
5003-150,5003,Mathematics,"Geometry and Measurement, Data, Statistics, and Probability",medium,single-select,human-reviewed,legacy-import,legacy-unknown,6d7da5179a6fe93d3dd3f21443f47869c04d8a4a5f4bd0d6040e57e9fedc54de,What is the probability of rolling a sum of 7 with two dice?
5003-151,5003,Mathematics,"Geometry and Measurement, Data, Statistics, and Probability",hard,single-select,human-reviewed,legacy-import,legacy-unknown,f9ae949ac7c781eddd4e1289d01afb7f4947c6bff508d9c1b9c6b3426c19052a,Which tool best teaches students about volume relationships between shapes?
5003-152,5003,Mathematics,"Geometry and Measurement, Data, Statistics, and Probability",medium,single-select,human-reviewed,legacy-import,legacy-unknown,95ca2a683df0e3b2328eae6e8ef857e2157764a0ab6160a987a872353d30ac22,"What is the median of 10, 20, 30, 40, 50, 60?"
5003-153,5003,Mathematics,"Geometry and Measurement, Data, Statistics, and Probability",easy,single-select,human-reviewed,legacy-import,legacy-unknown,34f291c365f50d1c49b8dd962300dc556087190c871fd34aa545d3626dd280f7,"What is the mode of 3, 5, 5, 7, 9, 9, 9, 11?"
5003-154,5003,Mathematics,"Geometry and Measurement, Data, Statistics, and Probability",medium,single-select,human-reviewed,legacy-import,legacy-unknown,603239baf414a0e424e555cd9435e5d9c634fc164ae57b2528510aee0bbcccd9,"A data set is 4, 6, 6, 7, and 22. Which measure best describes a typical value when the high outlier"
5005-325,5005,Science,Life Science,hard,single-select,human-reviewed,legacy-import,legacy-unknown,c89b8668bc40cbf79ff93846e93af9e3a0658ad3312eb0906cbe9971f294c13e,Students think mitosis produces genetically different cells. How to correct?
5005-326,5005,Science,Life Science,medium,single-select,human-reviewed,legacy-import,legacy-unknown,ea33d252d13addb99a0e5df5b9e72c8792b8336d72f42d894d9ed6b6de7708d1,Why are decomposers essential in ecosystems?
5005-327,5005,Science,Life Science,medium,single-select,human-reviewed,legacy-import,legacy-unknown,85f9391da12fccc4c04be811c3cb4dd55e65c130884b03c186dadab35c5e10f4,What is a food chain?
5005-328,5005,Science,Life Science,easy,single-select,human-reviewed,legacy-import,legacy-unknown,8684927e27937367ff0cd52e9528582ed6adc49113467e48894c8b75bea44e56,What is adaptation?
5005-329,5005,Science,Life Science,hard,single-select,human-reviewed,legacy-import,legacy-unknown,70f871132fd0b824a4b5e25a25b11d4adb34f71dc2c0be2a9eca984aa8d47be0,Why do invasive species threaten ecosystems?
5002-197,5002,Reading and Language Arts,Reading,easy,single-select,human-reviewed,legacy-import,legacy-unknown,619aca8baaa91a2daf3b352d9f5607031bc605a6cc1db3991f0498b01c3716ea,What is an oxymoron?
5002-198,5002,Reading and Language Arts,Reading,medium,single-select,human-reviewed,legacy-import,legacy-unknown,80025f52a2d9f1688413ea319a4efc5fd4d3b4243b345035fd0856b50a339783,Why is thesis statement crucial in argumentative writing?
5002-199,5002,Reading and Language Arts,Reading,hard,single-select,human-reviewed,legacy-import,legacy-unknown,21e0e02a1a99ec2580c524af3b017618e897d91aeaf0825db0f2d1531623d773,Students can decode words but cannot explain what they read. What intervention helps?
5002-200,5002,Reading and Language Arts,Reading,medium,single-select,human-reviewed,legacy-import,legacy-unknown,895447c4970a8255b066f352c5dd7077fdcb4be4648adb9a097651a7ed91bace,What is personification?
5002-201,5002,Reading and Language Arts,Reading,medium,single-select,human-reviewed,legacy-import,legacy-unknown,7f5a8ff4eb9d1eb1660e68c8e89e4455135759e7e296130d6e7466e486fcb429,How does conflict drive a narrative?
5002-202,5002,Reading and Language Arts,Reading,hard,single-select,human-reviewed,legacy-import,legacy-unknown,fddf70553e7f3bdedb1a9e6a29fd24b630c1e716bf934e550700a61f3568d5c1,Which strategy best develops vocabulary for struggling readers?
5002-203,5002,Reading and Language Arts,Reading,medium,single-select,human-reviewed,legacy-import,legacy-unknown,50da56e3400005a88ac3e8a37daea0eb0b56be50b5ac73afa3d898582a465a35,What is hyperbole?
5002-204,5002,Reading and Language Arts,Reading,hard,single-select,human-reviewed,legacy-import,legacy-unknown,9ce66bee39e3dfe66643991a7306078005aada9a14010fb7f6dbdade7dbf3035,Why might an author use flashback structure?
5004-228,5004,Social Studies,"United States History, Government, and Citizenship",easy,single-select,human-reviewed,legacy-import,legacy-unknown,7a724c3faa2b8144dbcfb3ae803debe49fe991f0169c7009b937de777a271923,What are the three branches of US government?
5004-229,5004,Social Studies,"United States History, Government, and Citizenship",hard,single-select,human-reviewed,legacy-import,legacy-unknown,7803d6c7f42768c5876992d35cc82831da9f492b98aa8dba28053bb364209e4d,Students think the Bill of Rights restricts only the federal government. Which explanation best corr
5004-230,5004,Social Studies,"United States History, Government, and Citizenship",easy,single-select,human-reviewed,legacy-import,legacy-unknown,9d5ce4b604c6273c4d033ff4dbf459e3d4564d83dfe51f265a6f834db6991fe8,What is the purpose of the Preamble?
5004-231,5004,Social Studies,"United States History, Government, and Citizenship",hard,single-select,human-reviewed,legacy-import,legacy-unknown,8cf49b1f074b39a2506cf64e9ffdb4ed4910b653821609da1d1ef32121a6dcfd,Which simulation best teaches students about amendment process?
5004-232,5004,Social Studies,"United States History, Government, and Citizenship",medium,single-select,human-reviewed,legacy-import,legacy-unknown,0ad39713eeaa0f94a7a71382fb05186c63de5a855898910adb9635e09eeca6ad,What is filibuster?
5004-233,5004,Social Studies,"United States History, Government, and Citizenship",easy,single-select,human-reviewed,legacy-import,legacy-unknown,e704382fdcd0fd71e22630be7b0f794757657ab3d72e17d48060111eeb691bdf,How long is a US Senate term?
5004-234,5004,Social Studies,"United States History, Government, and Citizenship",hard,single-select,human-reviewed,legacy-import,legacy-unknown,e09a6e1c4ceb3f2515d965f06511e8a93462f35f6fb680caff8daebebb456839,What is the tension between federal and state power called in modern context?
5003-155,5003,Mathematics,Numbers and Operations,easy,single-select,human-reviewed,legacy-import,legacy-unknown,4fc7e95d17c54c447845fe45544815028f3885b14b0e065b5e130fc3fe2defec,What is the LCM of 6 and 8?
5003-156,5003,Mathematics,Numbers and Operations,medium,single-select,human-reviewed,legacy-import,legacy-unknown,b54ea184ebc58c8b2082126adc3b6600bf5c8786003caf695c3c26eca35ec6cf,Why is GCF used to simplify fractions?
5003-157,5003,Mathematics,Numbers and Operations,hard,single-select,human-reviewed,legacy-import,legacy-unknown,3f9f8da66b91d785294e76445ba1fb8bfa0fd054b08d68bac5cc9e42b385486d,Students think that dividing always makes numbers smaller. How to correct?
5003-158,5003,Mathematics,Numbers and Operations,medium,single-select,human-reviewed,legacy-import,legacy-unknown,44bb4a7c5c10734ec60c04143b254ec2a2e3b27996cfe3f1000399fe940e852f,What is 3/8 expressed as a decimal?
5003-159,5003,Mathematics,Numbers and Operations,medium,single-select,human-reviewed,legacy-import,legacy-unknown,314b924e1e33aefcb7004c25677621186089c24227534566cbeba18beb8e1e1d,Why is the product of any number and 1 equal to that number?
5003-160,5003,Mathematics,Numbers and Operations,hard,single-select,human-reviewed,legacy-import,legacy-unknown,6d5b3cd10b71a7e0bc0649fd3347a3b5f88b139c6e05de3caf905531e35c4a2b,Which model best teaches percentage equivalence?
5003-161,5003,Mathematics,Numbers and Operations,medium,single-select,human-reviewed,legacy-import,legacy-unknown,d7da1b6772a0f835389252018d5a60abe7184111c919a1241ab20976a2702594,What is 2.5 as a fraction in simplest form?
5003-162,5003,Mathematics,Numbers and Operations,medium,single-select,human-reviewed,legacy-import,legacy-unknown,72a5787cbcc873c4568c692c05256bd8d05ba0aa24d4d986035802cd5b410438,Which statement about rational and irrational numbers is true?
5005-330,5005,Science,Physical Science,easy,single-select,human-reviewed,legacy-import,legacy-unknown,9007b22fba4a658cdf34cf9425bddbe41fec081de360c2c49a79a9be6d8dfc2c,What is Newton's first law of motion?
5005-331,5005,Science,Physical Science,medium,single-select,human-reviewed,legacy-import,legacy-unknown,002994a0fe79cfd892708ac11d8ebe846266f2e75d7563699604b5d859329a0d,Why does a car skid on ice?
5005-332,5005,Science,Physical Science,hard,single-select,human-reviewed,legacy-import,legacy-unknown,cf30460ea59161a2d7e3f7a2c95da66cbb0be083bc8574056902f3435f4c50e2,Students think that force is needed to keep an object moving. How to correct?
5005-333,5005,Science,Physical Science,medium,single-select,human-reviewed,legacy-import,legacy-unknown,d407455ce96ae0eb906063ba33a61f35075d19a79a6e4c0850ec390e3f0b566d,What is kinetic energy formula?
5005-334,5005,Science,Physical Science,hard,single-select,human-reviewed,legacy-import,legacy-unknown,bbda2713c3271428773c89196499f16230de05af9a0d1e4816362fd4e911d116,Which demonstration best shows conservation of energy?
5005-335,5005,Science,Physical Science,medium,single-select,human-reviewed,legacy-import,legacy-unknown,441db240c0418ff740869b8201398992cdecbb6248e8ee1c4f22c5463e17be09,What is power?
5005-336,5005,Science,Physical Science,hard,single-select,human-reviewed,legacy-import,legacy-unknown,f36f9447bf9e709eb65f04dd9dbbc4c9a2184922e9b40f4e3dbd96a6ca3a016b,Why does a pendulum eventually stop swinging?
5004-235,5004,Social Studies,"Geography, Anthropology, and Sociology",easy,single-select,human-reviewed,legacy-import,legacy-unknown,c8995cb119ec89e21b91f516925085bdf166f609a719f16760c1ba3cc4796f95,What is population density?
5004-236,5004,Social Studies,"Geography, Anthropology, and Sociology",hard,single-select,human-reviewed,legacy-import,legacy-unknown,022a49d2baed9b72d4387ddfa45f440ff643e1e2616a6939ab5afe2c29837aba,Students think population growth is always bad. How to nuance?
5004-237,5004,Social Studies,"Geography, Anthropology, and Sociology",easy,single-select,human-reviewed,legacy-import,legacy-unknown,3430fda929ba0f0c8a3a3c05ee1e89ccc71ae547a75ad51b6144116908492e4b,What is a push factor in migration?
5004-238,5004,Social Studies,"Geography, Anthropology, and Sociology",medium,single-select,human-reviewed,legacy-import,legacy-unknown,a2d4aa15eae439190c656cb2b4f9125eb4ba9193370f122bae98b2322b54b910,What is cultural diffusion?
5004-239,5004,Social Studies,"Geography, Anthropology, and Sociology",hard,single-select,human-reviewed,legacy-import,legacy-unknown,164cc1d06d81c7ee66709fca2bb36022194f2fa27f548fa32667f47dfd93efd4,Which project best teaches students about global interconnectedness?
5004-240,5004,Social Studies,"Geography, Anthropology, and Sociology",hard,single-select,human-reviewed,legacy-import,legacy-unknown,fbe4b8d2da0bc57ed74298259cb4115d55b08be4945dd70ec84ddb3d8128af98,Why do some regions remain economically underdeveloped?
5005-337,5005,Science,Life Science,easy,single-select,human-reviewed,legacy-import,legacy-unknown,87325f77097ac3af8fe684b0b309aff379c226d98e5417898a4c6d83311416d4,What is the basic unit of life?
5005-338,5005,Science,Life Science,medium,single-select,human-reviewed,legacy-import,legacy-unknown,9ad651f916ad6fecd434a574413b5226e4f47b05d525768caa4860830b662d11,Why do organisms need water?
5005-339,5005,Science,Life Science,hard,single-select,human-reviewed,legacy-import,legacy-unknown,01e6cfeca08a374a76efc49617d134cfabd41ecb35183b0eab78391c02d01cac,Students think evolution means 'survival of the strongest.' How to correct?
5005-340,5005,Science,Life Science,medium,single-select,human-reviewed,legacy-import,legacy-unknown,1545e78b982e67f5495c7bb860a2713ef3df1658c804c30d41074806ae0406a4,Why are bacteria considered important despite causing disease?
5005-341,5005,Science,Life Science,hard,single-select,human-reviewed,legacy-import,legacy-unknown,5d1d3725fb99ce43cc61062f2ad0d91659b444e1084975cdbb6add3823a04f30,Which lab activity best demonstrates natural selection?
5005-342,5005,Science,Life Science,easy,single-select,human-reviewed,legacy-import,legacy-unknown,2a552e1752821ba8ef7f7fa98daab838ce52286d2336d5365587c5051df845e7,What is the role of the nervous system?
5005-343,5005,Science,Life Science,hard,single-select,human-reviewed,legacy-import,legacy-unknown,a69a2e54099526c2a9f6a461a2b3718047ad45352f56784e22f0a2c80b5a700c,Why do genetic mutations matter for evolution?
5003-163,5003,Mathematics,Algebraic Thinking,easy,single-select,human-reviewed,legacy-import,legacy-unknown,859eecbdc86cdf6e8bb16d6fc0c35687d772e40bdf96d7b7985b2740a4fd3501,What is the slope of y = 3x + 2?
5003-164,5003,Mathematics,Algebraic Thinking,medium,single-select,human-reviewed,legacy-import,legacy-unknown,0c8d024c06029a377e04fe5b372a8fc541727d7a2bbadc4133c3c45029b5b5f6,"What does the slope represent in y = 2x + 5 where x = hours worked, y = dollars earned?"
5003-165,5003,Mathematics,Algebraic Thinking,hard,single-select,human-reviewed,legacy-import,legacy-unknown,301d23ba15c3f752249b90db0471d7e30bd9d6d72c1db29a6c9ce7553f266b19,Students solve 2(x+3)=10 correctly but don't understand why. What approach helps?
5003-166,5003,Mathematics,Algebraic Thinking,medium,single-select,human-reviewed,legacy-import,legacy-unknown,68bab9664ab7c0820f9163edc42e751f03ef06c11a4822a6e2168d49af063759,Solve: 3x - 7 = 14
5003-167,5003,Mathematics,Algebraic Thinking,easy,single-select,human-reviewed,legacy-import,legacy-unknown,20b3ea992ed98f8d1cdcfeca70f4b210825152ca81a7649d5decaa1c198eb426,What is the solution to x + 8 = 15?
5003-168,5003,Mathematics,Algebraic Thinking,medium,single-select,human-reviewed,legacy-import,legacy-unknown,f0d9d4ff0694b7ab1a52dbd046d6d793f8aa9b6d47e705f92c369c490d4172ea,When does a system of equations have exactly one solution?
5003-169,5003,Mathematics,Algebraic Thinking,hard,single-select,human-reviewed,legacy-import,legacy-unknown,061ad06fc4451c3ac001b276193056a5e5934bbc7576d9d6f7eb1bc04b258d6e,Which tool best helps students understand inverse operations?
5003-170,5003,Mathematics,Algebraic Thinking,medium,single-select,human-reviewed,legacy-import,legacy-unknown,099cefbb7ce138d89a04a23a12a9193a34e221e7a8b88e18acd57de398cba7f5,"What is the equation of a line with slope 4 passing through (0, -2)?"
5003-171,5003,Mathematics,Algebraic Thinking,easy,single-select,human-reviewed,legacy-import,legacy-unknown,2f869095281b9d60e03a27bc7732af7802e04124af87b536759bb50153cfbab6,Evaluate 2x + 3 when x = 4
5003-172,5003,Mathematics,Algebraic Thinking,hard,single-select,human-reviewed,legacy-import,legacy-unknown,01a628de4d7a57bd1cbef89a7cc413b3086557261b2e24baa38c25522ef3ea28,Why are proportional relationships represented by y = kx?
5002-205,5002,Reading and Language Arts,"Writing, Speaking, and Listening",easy,single-select,human-reviewed,legacy-import,legacy-unknown,01628aa2ddd16771282c2744b1a12629d41ad2e24c591e1b43e3758cd9ce955e,What is the purpose of a transition word?
5002-206,5002,Reading and Language Arts,"Writing, Speaking, and Listening",medium,single-select,human-reviewed,legacy-import,legacy-unknown,da9a1441793628a62c7994080e2d726f4af9db030e2a9d4543d11b37eacf068e,Why is audience awareness critical in writing?
5002-207,5002,Reading and Language Arts,"Writing, Speaking, and Listening",hard,single-select,human-reviewed,legacy-import,legacy-unknown,8dcd474ae32010d84be24346770a3cb21081f5383105e65d23ec7740202b4ddd,Students write paragraphs with unrelated sentences. Which skill needs instruction?
5002-208,5002,Reading and Language Arts,"Writing, Speaking, and Listening",medium,single-select,human-reviewed,legacy-import,legacy-unknown,f5477b9da28cc68251fd6cd8264ebb0fa21337c5f632a1b3f2e8c7313cd6d47f,What is a hook in essay writing?
5002-209,5002,Reading and Language Arts,"Writing, Speaking, and Listening",easy,single-select,human-reviewed,legacy-import,legacy-unknown,4e27f8c0c9b700d1ea7eb26e5f9ff6797c580802fc329dd7d5194391eefac409,What is a thesis statement?
5002-210,5002,Reading and Language Arts,"Writing, Speaking, and Listening",medium,single-select,human-reviewed,legacy-import,legacy-unknown,1852b5b1acc19a0e46cebcf83bd24d07a76da66ad9a81dc84473d6e3072a7ef3,Why is editing different from proofreading?
5002-211,5002,Reading and Language Arts,"Writing, Speaking, and Listening",hard,single-select,human-reviewed,legacy-import,legacy-unknown,537ce45bd73db371be51a27c4c24fa817ed71b9d90d91934e09249e5ee458079,Which method best teaches students rhetorical appeals?
5002-212,5002,Reading and Language Arts,"Writing, Speaking, and Listening",medium,single-select,human-reviewed,legacy-import,legacy-unknown,d2e2025ad0339bd10cabe73f57b3d8a9c55a4e7246bda10fafb92700f7513438,What is active voice?
5002-213,5002,Reading and Language Arts,"Writing, Speaking, and Listening",easy,single-select,human-reviewed,legacy-import,legacy-unknown,56d747d913905525044edfaba284fef6613966fb15d262d68f283017b6df5029,What is a concluding paragraph's main function?
5002-214,5002,Reading and Language Arts,"Writing, Speaking, and Listening",hard,single-select,human-reviewed,legacy-import,legacy-unknown,6fc262a9eb75862036b27529ff6477589239684d58c2bb7b70a0778473cbe60e,Why is revision cyclical rather than linear?
